📄 [LOGGING] Session output will be recorded to: Log/SPD_DR_2026-09-10_22-39-55.log
Namespace(use_zmq=False, pos_only=False, ori_only=False, use_guidance=True, use_safety_tether=False, config='SPD_DR', log_file=None, no_log_file=False)
use_zmq False
[INFO] [1789072795.325936971] [rl_env_node]: Loading SAC policy from checkpoints/SAC_WIPE_ICRA_SPD_DR/best_model onto CPU...
[INFO] [1789072796.215291958] [rl_env_node]: Model loaded successfully!
[INFO] [1789072796.215696134] [rl_env_node]: Detected MULTI-MARKER model (85-D observations)
[INFO] [1789072796.272309191] [rl_env_node]: ⏳ [AUTO-TARE] Calibrating force sensor in air... (1/25)
[INFO] [1789072796.772433245] [rl_env_node]: ⏳ [AUTO-TARE] Calibrating force sensor in air... (11/25)
[INFO] [1789072797.322255872] [rl_env_node]: ⏳ [AUTO-TARE] Calibrating force sensor in air... (22/25)
[INFO] [1789072797.472408739] [rl_env_node]: ✅ [AUTO-TARE COMPLETE] Mid-air baseline calibrated: Fz_tare = 0.62 N
[INFO] [1789072797.473064859] [rl_env_node]: 
================================================================ OBS SNAPSHOT ================================================================
  [00:06]  joint_pos      = [+0.0760  +0.2109  -0.0376  -2.0991  +0.0095  +1.6790  +0.8316]
  [07:13]  cos(jnt_pos)   = [+0.9971  +0.9778  +0.9993  -0.5041  +1.0000  -0.1080  +0.6737]
  [14:20]  sin(jnt_pos)   = [+0.0759  +0.2094  -0.0376  -0.8636  +0.0095  +0.9941  +0.7390]
  [21:27]  joint_vel      = [-0.0004  +0.0005  -0.0008  +0.0001  -0.0002  -0.0012  -0.0006]
  [28:34]  joint_acc      = [-0.0400  +0.0213  -0.0239  -0.0076  -0.0131  -0.0115  -0.0155]
  [35:37]  eef_pos(TCP)   = [+0.4583  +0.0187  +0.2403]  (eraser tip)
  [38:41]  eef_quat       = [+0.9506  -0.0066  -0.3100  +0.0126]  (flange xyzw)
  [42:45]  eef_quat_site  = [+0.6784  -0.3045  -0.2198  -0.6314]  (grip-site xyzw)
  [46]     contact        = 0  (|Fz_net|>2N, net=0.02N, raw=0.63N, tare=0.62N)
  [47:81]  markers (active=0):
    M0 (active )  pos=[+0.4525  -0.1144  +0.1262]  g2m=[-0.0059  -0.1331  -0.1141]
    M1 (pending)  pos=[+0.4669  -0.0452  +0.1154]  g2m=[+0.0085  -0.0640  -0.1248]
    M2 (pending)  pos=[+0.5104  +0.0106  +0.0835]  g2m=[+0.0520  -0.0081  -0.1568]
    M3 (pending)  pos=[+0.5577  +0.0623  +0.0487]  g2m=[+0.0994  +0.0435  -0.1916]
    M4 (pending)  pos=[+0.5816  +0.1400  +0.0309]  g2m=[+0.1233  +0.1213  -0.2093]
  [82:84]  g2active_wp    = [-0.0059  -0.1331  -0.1141]
  ICRA FORCE METRICS      : Fz_mean= 0.00N  Fz_peak= 0.00N  Fz_violations(>10N)=0 ( 0.0%)
  obs_dim  = 85
=============================================================================================================================================
[INFO] [1789072797.475445594] [rl_env_node]: 
--- ACTION DIAGNOSTICS ---
Raw delta pos: [-0.4686175   0.7157277   0.70805335]
Safe target pos: [0.47549562 0.00732675 0.25650014]
Target orientation (quat): [ 0.95470883 -0.02649347 -0.29553369  0.02211315]
Target tilt angle from normal: 3.06 deg
Stiffness (Kp_pos diag): [126.85405, 188.26793, 248.14252]
Stiffness (Kp_ori): [1.1129905, 9.177072, 9.472687]
--------------------------
[INFO] [1789072797.529294102] [rl_env_node]: 
--- ACTION DIAGNOSTICS ---
Raw delta pos: [-0.4551655   0.70411897  0.7263882 ]
Safe target pos: [ 0.4749701  -0.00466174  0.24850014]
Target orientation (quat): [ 0.95803408 -0.04627559 -0.28114874  0.03137919]
Target tilt angle from normal: 6.08 deg
Stiffness (Kp_pos diag): [127.90393, 181.9584, 249.8976]
Stiffness (Kp_ori): [1.1136229, 9.148691, 9.456442]
--------------------------
[INFO] [1789072797.581214392] [rl_env_node]: 
--- ACTION DIAGNOSTICS ---
Raw delta pos: [-0.42534816  0.6785629   0.75883126]
Safe target pos: [ 0.47444958 -0.01665044  0.24050014]
Target orientation (quat): [ 0.96065978 -0.06606499 -0.26673944  0.04022787]
Target tilt angle from normal: 9.08 deg
Stiffness (Kp_pos diag): [126.25909, 172.60294, 250.86594]
Stiffness (Kp_ori): [1.1254381, 9.097627, 9.437883]
--------------------------
[INFO] [1789072797.625391221] [rl_env_node]: 
--- ACTION DIAGNOSTICS ---
Raw delta pos: [-0.279755   0.5538988  0.8170047]
Safe target pos: [ 0.47392378 -0.02863892  0.23250014]
Target orientation (quat): [ 0.96260212 -0.08547855 -0.25250946  0.04826544]
Target tilt angle from normal: 11.99 deg
Stiffness (Kp_pos diag): [119.06021, 128.07278, 254.21248]
Stiffness (Kp_ori): [1.1510432, 9.085102, 9.445513]
--------------------------
[INFO] [1789072797.677092723] [rl_env_node]: 
--- ACTION DIAGNOSTICS ---
Raw delta pos: [-0.2854429   0.56613934  0.8320415 ]
Safe target pos: [ 0.47335978 -0.04062566  0.22450014]
Target orientation (quat): [ 0.96399696 -0.10468153 -0.23797468  0.05585421]
Target tilt angle from normal: 14.89 deg
Stiffness (Kp_pos diag): [108.16862, 138.01242, 251.58604]
Stiffness (Kp_ori): [1.1564374, 9.16257, 9.48552]
--------------------------
[INFO] [1789072797.732494903] [rl_env_node]: 
--- ACTION DIAGNOSTICS ---
Raw delta pos: [-0.1641081   0.37756753  0.9123025 ]
Safe target pos: [ 0.47272117 -0.05260865  0.21650014]
Target orientation (quat): [ 0.96483626 -0.12301481 -0.22365434  0.06274616]
Target tilt angle from normal: 17.67 deg
Stiffness (Kp_pos diag): [94.11552, 90.23243, 244.53467]
Stiffness (Kp_ori): [1.194726, 9.364082, 9.412032]
--------------------------
[INFO] [1789072797.774841678] [rl_env_node]: 
--- ACTION DIAGNOSTICS ---
Raw delta pos: [-0.0651201   0.4685148   0.89007187]
Safe target pos: [ 0.47197088 -0.06458517  0.20850014]
Target orientation (quat): [ 0.96509261 -0.14064632 -0.20918396  0.07111219]
Target tilt angle from normal: 20.45 deg
Stiffness (Kp_pos diag): [81.71651, 119.06256, 245.61841]
Stiffness (Kp_ori): [1.1876049, 9.368011, 9.306692]
--------------------------
[INFO] [1789072797.824953232] [rl_env_node]: 
--- ACTION DIAGNOSTICS ---
Raw delta pos: [0.29077756 0.28483975 0.96336603]
Safe target pos: [ 0.47108702 -0.07655258  0.20050014]
Target orientation (quat): [ 0.96405584 -0.15768845 -0.1981592   0.08039671]
Target tilt angle from normal: 22.99 deg
Stiffness (Kp_pos diag): [66.113525, 35.428192, 188.0622]
Stiffness (Kp_ori): [1.3630896, 9.709792, 8.651596]
--------------------------
[INFO] [1789072797.876973110] [rl_env_node]: 
--- ACTION DIAGNOSTICS ---
Raw delta pos: [0.15770245 0.23861682 0.93570924]
Safe target pos: [ 0.47006871 -0.08850929  0.19250014]
Target orientation (quat): [ 0.96361147 -0.17017009 -0.18584809  0.08919393]
Target tilt angle from normal: 25.21 deg
Stiffness (Kp_pos diag): [84.04686, 61.983185, 204.83948]
Stiffness (Kp_ori): [1.3139073, 9.386948, 9.010066]
--------------------------
[INFO] [1789072797.931637680] [rl_env_node]: 
--- ACTION DIAGNOSTICS ---
Raw delta pos: [0.20747232 0.11335337 0.9534198 ]
Safe target pos: [ 0.46893991 -0.10045609  0.18450014]
Target orientation (quat): [ 0.96437029 -0.16682285 -0.18346954  0.09219007]
Target tilt angle from normal: 25.21 deg
Stiffness (Kp_pos diag): [82.90777, 47.669678, 164.11734]
Stiffness (Kp_ori): [1.2890735, 9.579, 8.70215]
--------------------------
[INFO] [1789072797.974767129] [rl_env_node]: 
--- ACTION DIAGNOSTICS ---
Raw delta pos: [0.06400466 0.17964888 0.91638136]
Safe target pos: [ 0.46767499 -0.11238923  0.17650014]
Target orientation (quat): [ 0.96587996 -0.16066985 -0.17879818  0.09639661]
Target tilt angle from normal: 25.21 deg
Stiffness (Kp_pos diag): [94.82004, 69.02514, 173.03049]
Stiffness (Kp_ori): [1.2994845, 9.205962, 8.985752]
--------------------------
[INFO] [1789072798.022741096] [rl_env_node]: 
================================================================ OBS SNAPSHOT ================================================================
  [00:06]  joint_pos      = [+0.0058  +0.2674  -0.0965  -2.1499  -0.0006  +1.8435  +0.8256]
  [07:13]  cos(jnt_pos)   = [+1.0000  +0.9645  +0.9953  -0.5473  +1.0000  -0.2693  +0.6781]
  [14:20]  sin(jnt_pos)   = [+0.0058  +0.2642  -0.0963  -0.8369  -0.0006  +0.9630  +0.7349]
  [21:27]  joint_vel      = [-0.2373  +0.2436  -0.1905  -0.1885  -0.0285  +0.6287  -0.0703]
  [28:34]  joint_acc      = [-0.6242  +0.4459  +0.3397  -0.2215  -0.1344  +0.8136  -0.5938]
  [35:37]  eef_pos(TCP)   = [+0.4605  -0.0452  +0.1945]  (eraser tip)
  [38:41]  eef_quat       = [+0.9571  -0.0655  -0.2820  +0.0057]  (flange xyzw)
  [42:45]  eef_quat_site  = [+0.6732  -0.3271  -0.1594  -0.6437]  (grip-site xyzw)
  [46]     contact        = 0  (|Fz_net|>2N, net=1.89N, raw=-1.27N, tare=0.62N)
  [47:81]  markers (active=0):
    M0 (active )  pos=[+0.4525  -0.1144  +0.1262]  g2m=[-0.0081  -0.0692  -0.0684]
    M1 (pending)  pos=[+0.4669  -0.0452  +0.1154]  g2m=[+0.0063  -0.0001  -0.0791]
    M2 (pending)  pos=[+0.5104  +0.0106  +0.0835]  g2m=[+0.0498  +0.0558  -0.1111]
    M3 (pending)  pos=[+0.5577  +0.0623  +0.0487]  g2m=[+0.0972  +0.1074  -0.1459]
    M4 (pending)  pos=[+0.5816  +0.1400  +0.0309]  g2m=[+0.1211  +0.1852  -0.1636]
  [82:84]  g2active_wp    = [-0.0081  -0.0692  -0.0684]
  ICRA FORCE METRICS      : Fz_mean= 0.00N  Fz_peak= 0.00N  Fz_violations(>10N)=0 ( 0.0%)
  obs_dim  = 85
=============================================================================================================================================
[INFO] [1789072798.025491480] [rl_env_node]: 
--- ACTION DIAGNOSTICS ---
Raw delta pos: [0.21386993 0.08804882 0.9509015 ]
Safe target pos: [ 0.4662834  -0.12430827  0.16850014]
Target orientation (quat): [ 0.96778453 -0.15113509 -0.17287864  0.10326795]
Target tilt angle from normal: 25.21 deg
Stiffness (Kp_pos diag): [111.56233, 29.488129, 77.40895]
Stiffness (Kp_ori): [1.3903971, 9.369814, 8.444388]
--------------------------
[INFO] [1789072798.079062884] [rl_env_node]: 
--- ACTION DIAGNOSTICS ---
Raw delta pos: [0.28174615 0.10141098 0.9553504 ]
Safe target pos: [ 0.4647721  -0.13621272  0.16050014]
Target orientation (quat): [ 0.96994867 -0.13903678 -0.16619567  0.11066776]
Target tilt angle from normal: 25.21 deg
Stiffness (Kp_pos diag): [98.09111, 30.187305, 70.83262]
Stiffness (Kp_ori): [1.5192523, 9.43822, 8.101398]
--------------------------
[INFO] [1789072798.124811138] [rl_env_node]: 
--- ACTION DIAGNOSTICS ---
Raw delta pos: [0.13142776 0.10035062 0.9391911 ]
Safe target pos: [ 0.4630635  -0.14809046  0.15250014]
Target orientation (quat): [ 0.97189257 -0.12477569 -0.16019006  0.11914276]
Target tilt angle from normal: 25.21 deg
Stiffness (Kp_pos diag): [137.59476, 39.806988, 49.681046]
Stiffness (Kp_ori): [1.7640159, 9.235835, 8.098844]
--------------------------
[INFO] [1789072798.174205922] [rl_env_node]: 
--- ACTION DIAGNOSTICS ---
Raw delta pos: [ 0.10753942 -0.01837218  0.94272435]
Safe target pos: [ 0.46107119 -0.15992392  0.14450014]
Target orientation (quat): [ 0.97347517 -0.10966155 -0.15532527  0.12725759]
Target tilt angle from normal: 25.21 deg
Stiffness (Kp_pos diag): [136.51465, 37.472923, 40.65004]
Stiffness (Kp_ori): [1.788714, 9.127796, 7.951428]
--------------------------
[INFO] [1789072798.229169671] [rl_env_node]: 
--- ACTION DIAGNOSTICS ---
Raw delta pos: [-0.30836666  0.26688206  0.98148155]
Safe target pos: [ 0.45873835 -0.17169498  0.13650014]
Target orientation (quat): [ 0.97562287 -0.09500911 -0.14892815  0.13020633]
Target tilt angle from normal: 25.21 deg
Stiffness (Kp_pos diag): [73.69056, 172.01976, 54.401913]
Stiffness (Kp_ori): [2.1531847, 9.172492, 4.659563]
--------------------------
[INFO] [1789072798.277544265] [rl_env_node]: 
--- ACTION DIAGNOSTICS ---
Raw delta pos: [ 0.0692414  -0.17056686  0.9005804 ]
Safe target pos: [ 0.45576468 -0.18332069  0.12850014]
Target orientation (quat): [ 0.97634667 -0.07699425 -0.14673578  0.13888006]
Target tilt angle from normal: 25.21 deg
Stiffness (Kp_pos diag): [151.55989, 27.805664, 16.402054]
Stiffness (Kp_ori): [1.5695478, 9.520718, 8.518795]
--------------------------
[INFO] [1789072798.324741093] [rl_env_node]: 
--- ACTION DIAGNOSTICS ---
Raw delta pos: [0.61947966 0.376845   0.9715302 ]
Safe target pos: [ 0.45141105 -0.1924789   0.12050014]
Target orientation (quat): [ 0.97677316 -0.06502091 -0.14550365  0.14323113]
Target tilt angle from normal: 25.21 deg
Stiffness (Kp_pos diag): [48.09011, 87.90244, 69.85175]
Stiffness (Kp_ori): [1.7422329, 8.9032345, 4.7150126]
--------------------------
[INFO] [1789072798.374376161] [rl_env_node]: 
--- ACTION DIAGNOSTICS ---
Raw delta pos: [-0.00190198  0.04206729  0.7159331 ]
Safe target pos: [ 0.44753591 -0.19148729  0.11250014]
Target orientation (quat): [ 0.97584663 -0.04767071 -0.14830781  0.15315237]
Target tilt angle from normal: 25.21 deg
Stiffness (Kp_pos diag): [154.32877, 12.55588, 5.9145455]
Stiffness (Kp_ori): [1.2586207, 9.37511, 8.97524]
--------------------------
[INFO] [1789072798.425054797] [rl_env_node]: 
--- ACTION DIAGNOSTICS ---
Raw delta pos: [0.73268557 0.4381261  0.90027404]
Safe target pos: [ 0.44471037 -0.18058265  0.10705546]
Target orientation (quat): [ 0.97537501 -0.03937844 -0.14977117  0.15703991]
Target tilt angle from normal: 25.21 deg
Stiffness (Kp_pos diag): [22.662624, 51.820007, 50.47262]
Stiffness (Kp_ori): [1.3960998, 8.932615, 5.304321]
--------------------------
[INFO] [1789072798.474901412] [rl_env_node]: 
--- ACTION DIAGNOSTICS ---
Raw delta pos: [0.71284413 0.2752533  0.8536067 ]
Safe target pos: [ 0.44296613 -0.1687101   0.10832352]
Target orientation (quat): [ 0.97461408 -0.02767367 -0.15215445  0.16189686]
Target tilt angle from normal: 25.21 deg
Stiffness (Kp_pos diag): [27.229467, 20.65376, 27.424839]
Stiffness (Kp_ori): [1.3403221, 9.358247, 6.612054]
--------------------------
[INFO] [1789072798.527500768] [rl_env_node]: 
--- ACTION DIAGNOSTICS ---
Raw delta pos: [ 0.91499686 -0.40808833  0.9375658 ]
Safe target pos: [ 0.44013702 -0.15704836  0.11038029]
Target orientation (quat): [ 0.96945056 -0.01864146 -0.16751695  0.17820262]
Target tilt angle from normal: 25.21 deg
Stiffness (Kp_pos diag): [62.809223, 149.19211, 24.588991]
Stiffness (Kp_ori): [1.378382, 8.96479, 4.6490893]
--------------------------
[INFO] [1789072798.572424292] [rl_env_node]: 
================================================================ OBS SNAPSHOT ================================================================
  [00:06]  joint_pos      = [-0.1012  +0.4047  -0.1734  -2.1761  -0.0418  +2.1186  +0.7186]
  [07:13]  cos(jnt_pos)   = [+0.9949  +0.9192  +0.9850  -0.5690  +0.9991  -0.5208  +0.7528]
  [14:20]  sin(jnt_pos)   = [-0.1010  +0.3938  -0.1726  -0.8223  -0.0418  +0.8537  +0.6583]
  [21:27]  joint_vel      = [-0.0678  +0.0612  -0.0221  +0.0311  -0.0365  +0.0727  -0.1578]
  [28:34]  joint_acc      = [+0.6539  -0.6718  +0.4263  -2.0472  +0.8451  -0.2958  -0.1889]
  [35:37]  eef_pos(TCP)   = [+0.4589  -0.1422  +0.1240]  (eraser tip)
  [38:41]  eef_quat       = [+0.9691  -0.0861  -0.2310  +0.0101]  (flange xyzw)
  [42:45]  eef_quat_site  = [+0.6833  -0.3069  -0.1086  -0.6536]  (grip-site xyzw)
  [46]     contact        = 1  (|Fz_net|>2N, net=5.98N, raw=-5.36N, tare=0.62N)
  [47:81]  markers (active=0):
    M0 (active )  pos=[+0.4525  -0.1144  +0.1262]  g2m=[-0.0065  +0.0278  +0.0022]
    M1 (pending)  pos=[+0.4669  -0.0452  +0.1154]  g2m=[+0.0079  +0.0970  -0.0085]
    M2 (pending)  pos=[+0.5104  +0.0106  +0.0835]  g2m=[+0.0515  +0.1528  -0.0405]
    M3 (pending)  pos=[+0.5577  +0.0623  +0.0487]  g2m=[+0.0988  +0.2045  -0.0753]
    M4 (pending)  pos=[+0.5816  +0.1400  +0.0309]  g2m=[+0.1227  +0.2822  -0.0930]
  [82:84]  g2active_wp    = [-0.0065  +0.0278  +0.0022]
  ICRA FORCE METRICS      : Fz_mean= 5.14N  Fz_peak=11.97N  Fz_violations(>10N)=1 (20.0%)
  obs_dim  = 85
=============================================================================================================================================
[INFO] [1789072798.574596853] [rl_env_node]: 
--- ACTION DIAGNOSTICS ---
Raw delta pos: [0.75282073 0.31688666 0.88648033]
Safe target pos: [ 0.43742824 -0.14535808  0.11234957]
Target orientation (quat): [ 0.96809701 -0.0142202  -0.17160539  0.18203723]
Target tilt angle from normal: 25.21 deg
Stiffness (Kp_pos diag): [36.013977, 12.675045, 47.814854]
Stiffness (Kp_ori): [1.1925421, 9.325226, 4.9978814]
--------------------------
[INFO] [1789072798.628577931] [rl_env_node]: 
--- ACTION DIAGNOSTICS ---
Raw delta pos: [0.57231355 0.37352872 0.8288859 ]
Safe target pos: [ 0.43455101 -0.13370813  0.11444132]
Target orientation (quat): [ 0.96599225 -0.01027077 -0.17792804  0.18733686]
Target tilt angle from normal: 25.21 deg
Stiffness (Kp_pos diag): [48.137863, 30.283773, 40.760143]
Stiffness (Kp_ori): [1.2425116, 9.627446, 4.6238365]
--------------------------
[INFO] [1789072798.674710563] [rl_env_node]: 
--- ACTION DIAGNOSTICS ---
Raw delta pos: [0.7309526 0.4441831 0.897488 ]
Safe target pos: [ 0.43162089 -0.12207136  0.11657152]
Target orientation (quat): [ 0.96425987 -0.00597537 -0.18316819  0.19135469]
Target tilt angle from normal: 25.21 deg
Stiffness (Kp_pos diag): [39.051613, 10.544503, 50.21255]
Stiffness (Kp_ori): [1.2018145, 9.399033, 4.6554694]
--------------------------
[INFO] [1789072798.725124728] [rl_env_node]: 
--- ACTION DIAGNOSTICS ---
Raw delta pos: [0.73896575 0.446797   0.89409876]
Safe target pos: [ 0.42864255 -0.11044683  0.11873677]
Target orientation (quat): [ 0.96265395 -0.00168766 -0.18804506  0.19476544]
Target tilt angle from normal: 25.21 deg
Stiffness (Kp_pos diag): [41.02935, 10.625744, 45.550434]
Stiffness (Kp_ori): [1.1862037, 9.434894, 4.6648884]
--------------------------
[INFO] [1789072798.774187750] [rl_env_node]: 
--- ACTION DIAGNOSTICS ---
Raw delta pos: [0.75825405 0.46155095 0.9029417 ]
Safe target pos: [ 0.42559837 -0.09883938  0.12094989]
Target orientation (quat): [ 0.96139763  0.00283847 -0.19189512  0.19718725]
Target tilt angle from normal: 25.21 deg
Stiffness (Kp_pos diag): [41.16216, 7.5483046, 43.031406]
Stiffness (Kp_ori): [1.1500087, 9.449484, 4.7194266]
--------------------------
[INFO] [1789072798.824997217] [rl_env_node]: 
--- ACTION DIAGNOSTICS ---
Raw delta pos: [0.7285298  0.47296202 0.8905103 ]
Safe target pos: [ 0.42245294 -0.08725896  0.12323661]
Target orientation (quat): [ 0.96017534  0.00704073 -0.19564485  0.199341  ]
Target tilt angle from normal: 25.21 deg
Stiffness (Kp_pos diag): [42.633053, 8.327766, 41.002476]
Stiffness (Kp_ori): [1.1572356, 9.506078, 4.775733]
--------------------------
[INFO] [1789072798.875238534] [rl_env_node]: 
--- ACTION DIAGNOSTICS ---
Raw delta pos: [0.7104082  0.4962077  0.88148415]
Safe target pos: [ 0.41915697 -0.07572047  0.12563278]
Target orientation (quat): [ 0.95903625  0.01109112 -0.19914982  0.20116116]
Target tilt angle from normal: 25.21 deg
Stiffness (Kp_pos diag): [44.439613, 8.243479, 40.06284]
Stiffness (Kp_ori): [1.1560286, 9.517614, 4.8552856]
--------------------------
[INFO] [1789072798.924580118] [rl_env_node]: 
--- ACTION DIAGNOSTICS ---
Raw delta pos: [0.65145934 0.5360756  0.8529521 ]
Safe target pos: [ 0.4156328  -0.06424963  0.12819486]
Target orientation (quat): [ 0.95803291  0.01442313 -0.20223695  0.20264534]
Target tilt angle from normal: 25.21 deg
Stiffness (Kp_pos diag): [46.04836, 10.087713, 38.616234]
Stiffness (Kp_ori): [1.1844257, 9.521169, 4.9927707]
--------------------------
[INFO] [1789072798.976713096] [rl_env_node]: 
--- ACTION DIAGNOSTICS ---
Raw delta pos: [0.6578617  0.56221986 0.85205007]
Safe target pos: [ 0.41179051 -0.05288139  0.1309882 ]
Target orientation (quat): [ 0.95727457  0.01784099 -0.20459665  0.20358612]
Target tilt angle from normal: 25.21 deg
Stiffness (Kp_pos diag): [48.44915, 8.270586, 37.966915]
Stiffness (Kp_ori): [1.1573873, 9.523268, 5.150262]
--------------------------
[INFO] [1789072799.026763008] [rl_env_node]: 
--- ACTION DIAGNOSTICS ---
Raw delta pos: [0.57268   0.6125282 0.8062519]
Safe target pos: [ 0.40750309 -0.04167345  0.13410515]
Target orientation (quat): [ 0.95683992  0.02061068 -0.20597218  0.20398046]
Target tilt angle from normal: 25.21 deg
Stiffness (Kp_pos diag): [52.769188, 9.732106, 34.93464]
Stiffness (Kp_ori): [1.1995025, 9.540278, 5.600871]
--------------------------
[INFO] [1789072799.072521302] [rl_env_node]: 
================================================================ OBS SNAPSHOT ================================================================
  [00:06]  joint_pos      = [-0.0855  +0.4055  -0.1726  -2.1794  -0.0430  +2.1247  +0.6814]
  [07:13]  cos(jnt_pos)   = [+0.9963  +0.9189  +0.9851  -0.5717  +0.9991  -0.5260  +0.7767]
  [14:20]  sin(jnt_pos)   = [-0.0854  +0.3945  -0.1718  -0.8205  -0.0430  +0.8505  +0.6299]
  [21:27]  joint_vel      = [+0.0977  -0.0004  +0.0094  -0.0145  -0.0006  -0.0007  -0.0057]
  [28:34]  joint_acc      = [+0.2637  -0.0239  +0.0309  +0.0012  -0.0114  -0.0229  +0.1684]
  [35:37]  eef_pos(TCP)   = [+0.4608  -0.1328  +0.1230]  (eraser tip)
  [38:41]  eef_quat       = [+0.9711  -0.0597  -0.2309  +0.0086]  (flange xyzw)
  [42:45]  eef_quat_site  = [+0.6860  -0.2883  -0.1271  -0.6559]  (grip-site xyzw)
  [46]     contact        = 1  (|Fz_net|>2N, net=3.13N, raw=-2.51N, tare=0.62N)
  [47:81]  markers (active=0):
    M0 (active )  pos=[+0.4525  -0.1144  +0.1262]  g2m=[-0.0083  +0.0184  +0.0032]
    M1 (pending)  pos=[+0.4669  -0.0452  +0.1154]  g2m=[+0.0061  +0.0875  -0.0076]
    M2 (pending)  pos=[+0.5104  +0.0106  +0.0835]  g2m=[+0.0496  +0.1434  -0.0396]
    M3 (pending)  pos=[+0.5577  +0.0623  +0.0487]  g2m=[+0.0970  +0.1950  -0.0744]
    M4 (pending)  pos=[+0.5816  +0.1400  +0.0309]  g2m=[+0.1208  +0.2728  -0.0921]
  [82:84]  g2active_wp    = [-0.0083  +0.0184  +0.0032]
  ICRA FORCE METRICS      : Fz_mean= 4.68N  Fz_peak=11.97N  Fz_violations(>10N)=1 ( 6.7%)
  obs_dim  = 85
=============================================================================================================================================
[INFO] [1789072799.076979963] [rl_env_node]: 
--- ACTION DIAGNOSTICS ---
Raw delta pos: [0.579118   0.63976574 0.8181931 ]
Safe target pos: [ 0.40256458 -0.03073676  0.13769545]
Target orientation (quat): [ 0.95671341  0.0236058  -0.20643149  0.20378483]
Target tilt angle from normal: 25.21 deg
Stiffness (Kp_pos diag): [59.719906, 7.5017095, 31.77453]
Stiffness (Kp_ori): [1.1594393, 9.536579, 5.7244773]
--------------------------
[INFO] [1789072799.124944728] [rl_env_node]: 
--- ACTION DIAGNOSTICS ---
Raw delta pos: [0.5327425 0.6640458 0.8123505]
Safe target pos: [ 0.39667965 -0.02027886  0.14197379]
Target orientation (quat): [ 0.95685293  0.02650634 -0.20609223  0.20311545]
Target tilt angle from normal: 25.21 deg
Stiffness (Kp_pos diag): [70.55168, 6.844932, 30.36923]
Stiffness (Kp_ori): [1.1667637, 9.480532, 6.020534]
--------------------------
[INFO] [1789072799.175092512] [rl_env_node]: 
--- ACTION DIAGNOSTICS ---
Raw delta pos: [0.46752    0.6937475  0.81008303]
Safe target pos: [ 0.38960214 -0.01058821  0.14711914]
Target orientation (quat): [ 0.95725946  0.02924157 -0.20494966  0.20197748]
Target tilt angle from normal: 25.21 deg
Stiffness (Kp_pos diag): [77.62838, 6.5285416, 29.050346]
Stiffness (Kp_ori): [1.1676925, 9.487498, 6.121003]
--------------------------
[INFO] [1789072799.224606409] [rl_env_node]: 
--- ACTION DIAGNOSTICS ---
Raw delta pos: [0.36227262 0.73354125 0.7989812 ]
Safe target pos: [ 0.38107658 -0.0021434   0.15331723]
Target orientation (quat): [ 0.95786746  0.03185161 -0.203202    0.20046036]
Target tilt angle from normal: 25.21 deg
Stiffness (Kp_pos diag): [80.63077, 5.9919987, 25.54054]
Stiffness (Kp_ori): [1.1606605, 9.566864, 6.150486]
--------------------------
[INFO] [1789072799.274178034] [rl_env_node]: 
--- ACTION DIAGNOSTICS ---
Raw delta pos: [0.27838755 0.7482984  0.7890223 ]
Safe target pos: [0.37138027 0.00400666 0.16036644]
Target orientation (quat): [ 0.95859376  0.03454306 -0.20110524  0.19864911]
Target tilt angle from normal: 25.21 deg
Stiffness (Kp_pos diag): [94.575386, 5.318335, 22.789587]
Stiffness (Kp_ori): [1.1888602, 9.508835, 6.614646]
--------------------------
[INFO] [1789072799.325020620] [rl_env_node]: 
--- ACTION DIAGNOSTICS ---
Raw delta pos: [0.18347764 0.7744173  0.7778971 ]
Safe target pos: [0.36151607 0.00683611 0.16753772]
Target orientation (quat): [ 0.95937912  0.03719779 -0.19883404  0.19665468]
Target tilt angle from normal: 25.21 deg
Stiffness (Kp_pos diag): [104.30687, 5.160354, 21.290106]
Stiffness (Kp_ori): [1.2028922, 9.522753, 6.716735]
--------------------------
[INFO] [1789072799.377016559] [rl_env_node]: 
--- ACTION DIAGNOSTICS ---
Raw delta pos: [0.11300719 0.7984102  0.7948631 ]
Safe target pos: [0.35172937 0.00660676 0.17465265]
Target orientation (quat): [ 0.96020418  0.03967764 -0.19644245  0.19453528]
Target tilt angle from normal: 25.21 deg
Stiffness (Kp_pos diag): [114.54431, 4.8012447, 23.11544]
Stiffness (Kp_ori): [1.238442, 9.458694, 6.767331]
--------------------------
[INFO] [1789072799.431604053] [rl_env_node]: 
--- ACTION DIAGNOSTICS ---
Raw delta pos: [0.00788939 0.8055935  0.80082166]
Safe target pos: [0.35       0.00341767 0.18156594]
Target orientation (quat): [ 0.96102838  0.04222361 -0.1940593   0.19230862]
Target tilt angle from normal: 25.21 deg
Stiffness (Kp_pos diag): [129.16766, 5.176447, 24.139847]
Stiffness (Kp_ori): [1.2670032, 9.499592, 6.798313]
--------------------------
[INFO] [1789072799.477028938] [rl_env_node]: 
--- ACTION DIAGNOSTICS ---
Raw delta pos: [-0.03258687  0.8209274   0.82497096]
Safe target pos: [ 0.35       -0.00232503  0.18243275]
Target orientation (quat): [ 0.9618538   0.04440103 -0.19166468  0.19008015]
Target tilt angle from normal: 25.21 deg
Stiffness (Kp_pos diag): [133.25647, 5.552291, 26.138292]
Stiffness (Kp_ori): [1.2940978, 9.486107, 6.4246416]
--------------------------
[INFO] [1789072799.524788544] [rl_env_node]: 
--- ACTION DIAGNOSTICS ---
Raw delta pos: [-0.0489912   0.82797     0.83517754]
Safe target pos: [ 0.35       -0.01030504  0.18194935]
Target orientation (quat): [ 0.96257563  0.04648805 -0.18957952  0.18800697]
Target tilt angle from normal: 25.21 deg
Stiffness (Kp_pos diag): [143.37025, 6.6628647, 29.745646]
Stiffness (Kp_ori): [1.2994362, 9.504624, 6.168021]
--------------------------
[INFO] [1789072799.573411650] [rl_env_node]: 
================================================================ OBS SNAPSHOT ================================================================
  [00:06]  joint_pos      = [-0.0295  +0.3960  -0.1701  -2.1991  -0.0451  +2.1241  +0.6803]
  [07:13]  cos(jnt_pos)   = [+0.9996  +0.9226  +0.9856  -0.5878  +0.9990  -0.5255  +0.7774]
  [14:20]  sin(jnt_pos)   = [-0.0295  +0.3858  -0.1693  -0.8090  -0.0451  +0.8508  +0.6290]
  [21:27]  joint_vel      = [+0.0670  -0.0892  +0.0007  -0.0987  -0.0264  -0.0000  -0.0134]
  [28:34]  joint_acc      = [-0.3200  -0.4989  +0.0121  -0.3902  -0.0639  -0.0077  -0.0856]
  [35:37]  eef_pos(TCP)   = [+0.4598  -0.1046  +0.1223]  (eraser tip)
  [38:41]  eef_quat       = [+0.9712  -0.0302  -0.2358  +0.0137]  (flange xyzw)
  [42:45]  eef_quat_site  = [+0.6922  -0.2709  -0.1509  -0.6517]  (grip-site xyzw)
  [46]     contact        = 1  (|Fz_net|>2N, net=3.64N, raw=-3.02N, tare=0.62N)
  [47:81]  markers (active=0):
    M0 (active )  pos=[+0.4525  -0.1144  +0.1262]  g2m=[-0.0073  -0.0097  +0.0039]
    M1 (pending)  pos=[+0.4669  -0.0452  +0.1154]  g2m=[+0.0071  +0.0594  -0.0069]
    M2 (pending)  pos=[+0.5104  +0.0106  +0.0835]  g2m=[+0.0506  +0.1153  -0.0389]
    M3 (pending)  pos=[+0.5577  +0.0623  +0.0487]  g2m=[+0.0980  +0.1669  -0.0737]
    M4 (pending)  pos=[+0.5816  +0.1400  +0.0309]  g2m=[+0.1218  +0.2447  -0.0914]
  [82:84]  g2active_wp    = [-0.0073  -0.0097  +0.0039]
  ICRA FORCE METRICS      : Fz_mean= 4.03N  Fz_peak=11.97N  Fz_violations(>10N)=1 ( 4.0%)
  obs_dim  = 85
=============================================================================================================================================
[INFO] [1789072799.577366330] [rl_env_node]: 
--- ACTION DIAGNOSTICS ---
Raw delta pos: [-0.03554529  0.82979727  0.8458717 ]
Safe target pos: [ 0.35       -0.01989353  0.18115544]
Target orientation (quat): [ 0.96317684  0.04839249 -0.18785066  0.18617378]
Target tilt angle from normal: 25.21 deg
Stiffness (Kp_pos diag): [151.38899, 8.119297, 33.366295]
Stiffness (Kp_ori): [1.2875835, 9.533262, 5.895487]
--------------------------
[INFO] [1789072799.625273985] [rl_env_node]: 
--- ACTION DIAGNOSTICS ---
Raw delta pos: [0.03135109 0.82683444 0.88188136]
Safe target pos: [ 0.35       -0.03040885  0.18011319]
Target orientation (quat): [ 0.96368113  0.05010406 -0.18640615  0.18455623]
Target tilt angle from normal: 25.21 deg
Stiffness (Kp_pos diag): [158.65176, 8.685477, 40.820908]
Stiffness (Kp_ori): [1.2691427, 9.522682, 5.30803]
--------------------------
[INFO] [1789072799.674754545] [rl_env_node]: 
--- ACTION DIAGNOSTICS ---
Raw delta pos: [0.03973329 0.8324659  0.8901031 ]
Safe target pos: [ 0.35       -0.0416265   0.17900834]
Target orientation (quat): [ 0.96410212  0.05136788 -0.18519606  0.18322353]
Target tilt angle from normal: 25.21 deg
Stiffness (Kp_pos diag): [155.04189, 10.965, 41.057972]
Stiffness (Kp_ori): [1.2999941, 9.53395, 4.9782076]
--------------------------
[INFO] [1789072799.726878353] [rl_env_node]: 
--- ACTION DIAGNOSTICS ---
Raw delta pos: [0.16150391 0.82631385 0.90548396]
Safe target pos: [ 0.35       -0.05335523  0.17775438]
Target orientation (quat): [ 0.96449964  0.05303178 -0.1840707   0.18178575]
Target tilt angle from normal: 25.21 deg
Stiffness (Kp_pos diag): [168.09425, 9.371455, 46.973843]
Stiffness (Kp_ori): [1.2667212, 9.538491, 4.645364]
--------------------------
[INFO] [1789072799.776713990] [rl_env_node]: 
--- ACTION DIAGNOSTICS ---
Raw delta pos: [0.11053896 0.8352339  0.897001  ]
Safe target pos: [ 0.35       -0.06531438  0.17662914]
Target orientation (quat): [ 0.96466509  0.05475474 -0.1836386   0.18083155]
Target tilt angle from normal: 25.21 deg
Stiffness (Kp_pos diag): [163.41238, 17.086061, 46.702534]
Stiffness (Kp_ori): [1.3461498, 9.585328, 4.5521617]
--------------------------
[INFO] [1789072799.829166219] [rl_env_node]: 
--- ACTION DIAGNOSTICS ---
Raw delta pos: [0.0949086 0.8583605 0.8707992]
Safe target pos: [ 0.3507965  -0.07728792  0.17533085]
Target orientation (quat): [ 0.96485893  0.05678807 -0.18313412  0.17967821]
Target tilt angle from normal: 25.21 deg
Stiffness (Kp_pos diag): [171.10211, 22.32255, 57.1777]
Stiffness (Kp_ori): [1.3705944, 9.605595, 4.52646]
--------------------------
[INFO] [1789072799.874649001] [rl_env_node]: 
--- ACTION DIAGNOSTICS ---
Raw delta pos: [0.06434166 0.8703549  0.8809111 ]
Safe target pos: [ 0.35348828 -0.08898212  0.17337392]
Target orientation (quat): [ 0.96522603  0.05783587 -0.18208094  0.17843838]
Target tilt angle from normal: 25.21 deg
Stiffness (Kp_pos diag): [159.45157, 21.714266, 57.459568]
Stiffness (Kp_ori): [1.4156673, 9.530819, 4.1608725]
--------------------------
[INFO] [1789072799.925156203] [rl_env_node]: 
--- ACTION DIAGNOSTICS ---
Raw delta pos: [0.14755464 0.8782611  0.8956249 ]
Safe target pos: [ 0.35781104 -0.10017648  0.17023127]
Target orientation (quat): [ 0.96573489  0.05913235 -0.18061696  0.17673994]
Target tilt angle from normal: 25.21 deg
Stiffness (Kp_pos diag): [171.05397, 20.390373, 56.657143]
Stiffness (Kp_ori): [1.3507243, 9.604326, 3.9483824]
--------------------------
[INFO] [1789072799.977005312] [rl_env_node]: 
--- ACTION DIAGNOSTICS ---
Raw delta pos: [0.20011067 0.8814213  0.89109194]
Safe target pos: [ 0.36345992 -0.11076375  0.16623127]
Target orientation (quat): [ 0.96629162  0.06045454 -0.17901365  0.17487102]
Target tilt angle from normal: 25.21 deg
Stiffness (Kp_pos diag): [181.64552, 20.441887, 62.376217]
Stiffness (Kp_ori): [1.3255918, 9.593968, 4.1203094]
--------------------------
[INFO] [1789072800.027311176] [rl_env_node]: 
--- ACTION DIAGNOSTICS ---
Raw delta pos: [0.14199424 0.88061786 0.90208817]
Safe target pos: [ 0.37035557 -0.12058464  0.16223127]
Target orientation (quat): [ 0.96704284  0.06106951 -0.17680982  0.17273374]
Target tilt angle from normal: 25.21 deg
Stiffness (Kp_pos diag): [171.23438, 21.1095, 60.61064]
Stiffness (Kp_ori): [1.3711789, 9.554084, 4.029815]
--------------------------
[INFO] [1789072800.074119319] [rl_env_node]: 
--- ACTION DIAGNOSTICS ---
Raw delta pos: [0.21549404 0.88871264 0.91810715]
Safe target pos: [ 0.37805798 -0.12978642  0.15823127]
Target orientation (quat): [ 0.96786833  0.06203876 -0.17440212  0.17019397]
Target tilt angle from normal: 25.21 deg
Stiffness (Kp_pos diag): [171.44356, 20.567558, 54.568474]
Stiffness (Kp_ori): [1.3111422, 9.599504, 3.7789185]
--------------------------
[INFO] [1789072800.122481072] [rl_env_node]: 
================================================================ OBS SNAPSHOT ================================================================
  [00:06]  joint_pos      = [-0.0239  +0.3081  -0.1702  -2.2862  -0.0627  +2.1241  +0.6554]
  [07:13]  cos(jnt_pos)   = [+0.9997  +0.9529  +0.9856  -0.6559  +0.9980  -0.5255  +0.7928]
  [14:20]  sin(jnt_pos)   = [-0.0239  +0.3033  -0.1693  -0.7549  -0.0627  +0.8508  +0.6095]
  [21:27]  joint_vel      = [+0.0003  -0.1772  +0.0004  -0.1625  -0.0372  -0.0003  -0.0055]
  [28:34]  joint_acc      = [-0.0175  +0.0862  +0.0077  +0.1850  +0.3462  -0.0337  +0.2001]
  [35:37]  eef_pos(TCP)   = [+0.4375  -0.0987  +0.1381]  (eraser tip)
  [38:41]  eef_quat       = [+0.9717  -0.0110  -0.2358  +0.0101]  (flange xyzw)
  [42:45]  eef_quat_site  = [+0.6916  -0.2573  -0.1646  -0.6545]  (grip-site xyzw)
  [46]     contact        = 1  (|Fz_net|>2N, net=2.61N, raw=-1.99N, tare=0.62N)
  [47:81]  markers (active=0):
    M0 (active )  pos=[+0.4525  -0.1144  +0.1262]  g2m=[+0.0149  -0.0156  -0.0119]
    M1 (pending)  pos=[+0.4669  -0.0452  +0.1154]  g2m=[+0.0293  +0.0535  -0.0227]
    M2 (pending)  pos=[+0.5104  +0.0106  +0.0835]  g2m=[+0.0728  +0.1094  -0.0547]
    M3 (pending)  pos=[+0.5577  +0.0623  +0.0487]  g2m=[+0.1202  +0.1610  -0.0894]
    M4 (pending)  pos=[+0.5816  +0.1400  +0.0309]  g2m=[+0.1441  +0.2388  -0.1072]
  [82:84]  g2active_wp    = [+0.0149  -0.0156  -0.0119]
  ICRA FORCE METRICS      : Fz_mean= 3.82N  Fz_peak=11.97N  Fz_violations(>10N)=1 ( 2.8%)
  obs_dim  = 85
=============================================================================================================================================
[INFO] [1789072800.125075240] [rl_env_node]: 
--- ACTION DIAGNOSTICS ---
Raw delta pos: [0.22905135 0.8842919  0.91846263]
Safe target pos: [ 0.38634286 -0.13846749  0.15423127]
Target orientation (quat): [ 0.96877141  0.06310901 -0.17177252  0.16731228]
Target tilt angle from normal: 25.21 deg
Stiffness (Kp_pos diag): [171.74796, 21.11966, 55.0649]
Stiffness (Kp_ori): [1.2979529, 9.58654, 4.0589747]
--------------------------
[INFO] [1789072800.181381337] [rl_env_node]: 
--- ACTION DIAGNOSTICS ---
Raw delta pos: [-0.33521098  0.5620458   0.64295876]
Safe target pos: [ 0.39507036 -0.14670343  0.15023127]
Target orientation (quat): [ 0.96757563  0.0720108  -0.17565706  0.16660264]
Target tilt angle from normal: 25.21 deg
Stiffness (Kp_pos diag): [262.54495, 8.876776, 11.50156]
Stiffness (Kp_ori): [1.501952, 9.822485, 9.468478]
--------------------------
[INFO] [1789072800.229363169] [rl_env_node]: 
--- ACTION DIAGNOSTICS ---
Raw delta pos: [-0.18241197  0.5055492   0.7198318 ]
Safe target pos: [ 0.40407483 -0.15463561  0.14623127]
Target orientation (quat): [ 0.96632872  0.07916746 -0.1796432   0.16634193]
Target tilt angle from normal: 25.21 deg
Stiffness (Kp_pos diag): [253.95998, 6.727219, 8.503098]
Stiffness (Kp_ori): [1.4815941, 9.851427, 9.434966]
--------------------------
[INFO] [1789072800.286023494] [rl_env_node]: 
--- ACTION DIAGNOSTICS ---
Raw delta pos: [-0.25628066  0.4946406   0.6138221 ]
Safe target pos: [ 0.41325576 -0.16236286  0.14223127]
Target orientation (quat): [ 0.96542401  0.0869336  -0.18266039  0.16442081]
Target tilt angle from normal: 25.21 deg
Stiffness (Kp_pos diag): [257.82147, 8.594435, 10.724192]
Stiffness (Kp_ori): [1.55391, 9.802357, 9.299516]
--------------------------
[INFO] [1789072800.324936016] [rl_env_node]: 
--- ACTION DIAGNOSTICS ---
Raw delta pos: [-0.1514104   0.4717219   0.70634174]
Safe target pos: [ 0.42254365 -0.16996122  0.13823127]
Target orientation (quat): [ 0.96431732  0.0929946  -0.18621581  0.16360864]
Target tilt angle from normal: 25.21 deg
Stiffness (Kp_pos diag): [247.26843, 7.1336536, 7.730933]
Stiffness (Kp_ori): [1.5724748, 9.830441, 9.326449]
--------------------------
[INFO] [1789072800.374702683] [rl_env_node]: 
--- ACTION DIAGNOSTICS ---
Raw delta pos: [-0.25290096  0.5471771   0.6354077 ]
Safe target pos: [ 0.4318526  -0.17753378  0.13023127]
Target orientation (quat): [ 0.96320829  0.09872942 -0.1897759   0.16268804]
Target tilt angle from normal: 25.21 deg
Stiffness (Kp_pos diag): [247.88753, 7.9041967, 6.854939]
Stiffness (Kp_ori): [1.6676681, 9.7877, 9.404705]
--------------------------
[INFO] [1789072800.424150175] [rl_env_node]: 
--- ACTION DIAGNOSTICS ---
Raw delta pos: [-0.09066558  0.43759787  0.6853646 ]
Safe target pos: [ 0.44114398 -0.18512787  0.12223127]
Target orientation (quat): [ 0.96209558  0.10283219 -0.19327856  0.16260701]
Target tilt angle from normal: 25.21 deg
Stiffness (Kp_pos diag): [226.10944, 5.8300967, 6.312016]
Stiffness (Kp_ori): [1.6848404, 9.839635, 9.130283]
--------------------------
[INFO] [1789072800.474375333] [rl_env_node]: 
--- ACTION DIAGNOSTICS ---
Raw delta pos: [-0.24040967  0.47868943  0.5796571 ]
Safe target pos: [ 0.45037879 -0.19279065  0.11423127]
Target orientation (quat): [ 0.9609059   0.10757246 -0.19705025  0.16204692]
Target tilt angle from normal: 25.21 deg
Stiffness (Kp_pos diag): [238.2557, 7.646752, 5.6118336]
Stiffness (Kp_ori): [1.7328377, 9.8271265, 9.238672]
--------------------------
[INFO] [1789072800.524983029] [rl_env_node]: 
--- ACTION DIAGNOSTICS ---
Raw delta pos: [-0.26750553  0.46515     0.549744  ]
Safe target pos: [ 0.45952089 -0.20056382  0.10623127]
Target orientation (quat): [ 0.9598854   0.11163819 -0.20029373  0.16136712]
Target tilt angle from normal: 25.21 deg
Stiffness (Kp_pos diag): [239.80556, 8.088091, 5.749471]
Stiffness (Kp_ori): [1.73495, 9.819227, 9.250988]
--------------------------
[INFO] [1789072800.574199794] [rl_env_node]: 
--- ACTION DIAGNOSTICS ---
Raw delta pos: [-0.19150299  0.37648487  0.5938256 ]
Safe target pos: [ 0.46851134 -0.20851188  0.09823127]
Target orientation (quat): [ 0.95896345  0.11474068 -0.20320029  0.16103824]
Target tilt angle from normal: 25.21 deg
Stiffness (Kp_pos diag): [231.44347, 7.493476, 5.3289394]
Stiffness (Kp_ori): [1.6291231, 9.85841, 9.248484]
--------------------------
[INFO] [1789072800.622617746] [rl_env_node]: 
================================================================ OBS SNAPSHOT ================================================================
  [00:06]  joint_pos      = [-0.0239  +0.2823  -0.1702  -2.3090  -0.0686  +2.1400  +0.6004]
  [07:13]  cos(jnt_pos)   = [+0.9997  +0.9604  +0.9856  -0.6730  +0.9977  -0.5390  +0.8251]
  [14:20]  sin(jnt_pos)   = [-0.0239  +0.2786  -0.1693  -0.7397  -0.0685  +0.8423  +0.5649]
  [21:27]  joint_vel      = [-0.0012  +0.0132  +0.0012  +0.0304  -0.0105  +0.0855  -0.1611]
  [28:34]  joint_acc      = [-0.0344  +0.1900  +0.0385  +0.4080  +0.0107  -0.0701  +0.6351]
  [35:37]  eef_pos(TCP)   = [+0.4352  -0.0982  +0.1431]  (eraser tip)
  [38:41]  eef_quat       = [+0.9737  +0.0186  -0.2268  +0.0051]  (flange xyzw)
  [42:45]  eef_quat_site  = [+0.6922  -0.2303  -0.1795  -0.6600]  (grip-site xyzw)
  [46]     contact        = 0  (|Fz_net|>2N, net=0.60N, raw=0.02N, tare=0.62N)
  [47:81]  markers (active=0):
    M0 (active )  pos=[+0.4525  -0.1144  +0.1262]  g2m=[+0.0173  -0.0162  -0.0169]
    M1 (pending)  pos=[+0.4669  -0.0452  +0.1154]  g2m=[+0.0317  +0.0529  -0.0276]
    M2 (pending)  pos=[+0.5104  +0.0106  +0.0835]  g2m=[+0.0752  +0.1088  -0.0596]
    M3 (pending)  pos=[+0.5577  +0.0623  +0.0487]  g2m=[+0.1226  +0.1604  -0.0944]
    M4 (pending)  pos=[+0.5816  +0.1400  +0.0309]  g2m=[+0.1464  +0.2382  -0.1121]
  [82:84]  g2active_wp    = [+0.0173  -0.0162  -0.0169]
  ICRA FORCE METRICS      : Fz_mean= 3.79N  Fz_peak=11.97N  Fz_violations(>10N)=1 ( 2.7%)
  obs_dim  = 85
=============================================================================================================================================
[INFO] [1789072800.624914037] [rl_env_node]: 
--- ACTION DIAGNOSTICS ---
Raw delta pos: [-0.4171834   0.50338745  0.51250434]
Safe target pos: [ 0.47726295 -0.2167222   0.09023127]
Target orientation (quat): [ 0.95812216  0.11778887 -0.20586868  0.16045494]
Target tilt angle from normal: 25.21 deg
Stiffness (Kp_pos diag): [251.65627, 11.971031, 5.5108643]
Stiffness (Kp_ori): [1.7722973, 9.753625, 9.464352]
--------------------------
[INFO] [1789072800.679798106] [rl_env_node]: 
--- ACTION DIAGNOSTICS ---
Raw delta pos: [-0.2815714   0.37739754  0.5578048 ]
Safe target pos: [ 0.4856398  -0.22531454  0.08223127]
Target orientation (quat): [ 0.95753662  0.11960213 -0.20771189  0.16023337]
Target tilt angle from normal: 25.21 deg
Stiffness (Kp_pos diag): [232.94649, 9.333183, 5.68517]
Stiffness (Kp_ori): [1.6348698, 9.838766, 9.322108]
--------------------------
[INFO] [1789072800.724841376] [rl_env_node]: 
--- ACTION DIAGNOSTICS ---
Raw delta pos: [-0.45764846  0.462615    0.45151746]
Safe target pos: [ 0.49340139 -0.23446647  0.07423127]
Target orientation (quat): [ 0.95708175  0.12138808 -0.20916579  0.15971579]
Target tilt angle from normal: 25.21 deg
Stiffness (Kp_pos diag): [250.596, 14.279683, 7.2069993]
Stiffness (Kp_ori): [1.7168584, 9.707195, 9.511699]
--------------------------
[INFO] [1789072800.774330744] [rl_env_node]: 
--- ACTION DIAGNOSTICS ---
Raw delta pos: [-0.3684919   0.37372983  0.50271857]
Safe target pos: [ 0.500089   -0.24443019  0.06679519]
Target orientation (quat): [ 0.95698665  0.12169337 -0.20946619  0.1596596 ]
Target tilt angle from normal: 25.21 deg
Stiffness (Kp_pos diag): [229.2684, 9.422595, 7.302034]
Stiffness (Kp_ori): [1.6026891, 9.76104, 9.352943]
--------------------------
[INFO] [1789072800.822091525] [rl_env_node]: [WAYPOINT SWITCH] Active marker M0 -> M1! Smoothly continuing surface wipe.
[INFO] [1789072800.824739344] [rl_env_node]: 
--- ACTION DIAGNOSTICS ---
Raw delta pos: [0.5707798 0.0158205 0.9612107]
Safe target pos: [ 0.5043643  -0.23321762  0.06368706]
Target orientation (quat): [ 0.96297804  0.1067994  -0.20163154  0.14356845]
Target tilt angle from normal: 23.49 deg
Stiffness (Kp_pos diag): [152.18222, 224.31458, 254.90253]
Stiffness (Kp_ori): [1.0031881, 9.970437, 4.933619]
--------------------------
[INFO] [1789072800.878225543] [rl_env_node]: 
--- ACTION DIAGNOSTICS ---
Raw delta pos: [0.5714562  0.12115133 0.9746288 ]
Safe target pos: [ 0.50782621 -0.22172783  0.06117025]
Target orientation (quat): [ 0.96804839  0.09158958 -0.19444306  0.12917257]
Target tilt angle from normal: 22.04 deg
Stiffness (Kp_pos diag): [144.50642, 206.3635, 247.80586]
Stiffness (Kp_ori): [1.0033929, 9.958512, 4.9174356]
--------------------------
[INFO] [1789072800.925044461] [rl_env_node]: 
--- ACTION DIAGNOSTICS ---
Raw delta pos: [ 0.5568712  -0.08676463  0.9741385 ]
Safe target pos: [ 0.51047241 -0.21002323  0.05924646]
Target orientation (quat): [ 0.97225586  0.07639523 -0.18754048  0.11709345]
Target tilt angle from normal: 20.92 deg
Stiffness (Kp_pos diag): [124.123665, 222.92603, 253.83401]
Stiffness (Kp_ori): [1.0027833, 9.9682865, 4.658317]
--------------------------
[INFO] [1789072800.974011184] [rl_env_node]: 
--- ACTION DIAGNOSTICS ---
Raw delta pos: [ 0.55595756 -0.12742007  0.97436845]
Safe target pos: [ 0.51235512 -0.19817185  0.05787773]
Target orientation (quat): [ 0.97581007  0.06159288 -0.180603    0.1066939 ]
Target tilt angle from normal: 20.16 deg
Stiffness (Kp_pos diag): [113.796684, 228.03966, 255.20497]
Stiffness (Kp_ori): [1.0029979, 9.966946, 4.8636384]
--------------------------
[INFO] [1789072801.024471728] [rl_env_node]: 
--- ACTION DIAGNOSTICS ---
Raw delta pos: [ 0.5442965  -0.27114576  0.97523403]
Safe target pos: [ 0.51357078 -0.18623358  0.05699394]
Target orientation (quat): [ 0.97809284  0.04915005 -0.1731597   0.10456759]
Target tilt angle from normal: 20.21 deg
Stiffness (Kp_pos diag): [70.636795, 218.61441, 239.69417]
Stiffness (Kp_ori): [1.0032675, 9.973725, 5.2952905]
--------------------------
[INFO] [1789072801.074097074] [rl_env_node]: 
--- ACTION DIAGNOSTICS ---
Raw delta pos: [ 0.35301852 -0.04822433  0.9754765 ]
Safe target pos: [ 0.51427902 -0.1742545   0.05647906]
Target orientation (quat): [ 0.98142188  0.03456246 -0.16435635  0.09275517]
Target tilt angle from normal: 19.96 deg
Stiffness (Kp_pos diag): [75.31815, 170.48775, 253.24113]
Stiffness (Kp_ori): [1.0162926, 9.702608, 3.3317409]
--------------------------
[INFO] [1789072801.122786467] [rl_env_node]: 
================================================================ OBS SNAPSHOT ================================================================
  [00:06]  joint_pos      = [-0.0361  +0.3382  -0.1775  -2.2390  -0.0738  +2.1920  +0.5471]
  [07:13]  cos(jnt_pos)   = [+0.9993  +0.9433  +0.9843  -0.6196  +0.9973  -0.5820  +0.8541]
  [14:20]  sin(jnt_pos)   = [-0.0361  +0.3318  -0.1765  -0.7849  -0.0737  +0.8132  +0.5202]
  [21:27]  joint_vel      = [-0.1170  +0.3898  -0.0258  +0.0632  +0.0008  +0.4398  -0.0080]
  [28:34]  joint_acc      = [-0.8071  +2.1070  +0.3871  -1.4182  +0.0464  +3.0771  +0.4585]
  [35:37]  eef_pos(TCP)   = [+0.4644  -0.1144  +0.1378]  (eraser tip)
  [38:41]  eef_quat       = [+0.9797  +0.0379  -0.1965  +0.0114]  (flange xyzw)
  [42:45]  eef_quat_site  = [+0.7027  -0.1960  -0.1711  -0.6622]  (grip-site xyzw)
  [46]     contact        = 0  (|Fz_net|>2N, net=0.48N, raw=0.14N, tare=0.62N)
  [47:81]  markers (active=1):
    M0 (WIPED  )  pos=[+0.4525  -0.1144  +0.1262]  g2m=[-0.0119  +0.0000  -0.0116]
    M1 (active )  pos=[+0.4669  -0.0452  +0.1154]  g2m=[+0.0025  +0.0692  -0.0223]
    M2 (pending)  pos=[+0.5104  +0.0106  +0.0835]  g2m=[+0.0460  +0.1250  -0.0543]
    M3 (pending)  pos=[+0.5577  +0.0623  +0.0487]  g2m=[+0.0933  +0.1767  -0.0891]
    M4 (pending)  pos=[+0.5816  +0.1400  +0.0309]  g2m=[+0.1172  +0.2544  -0.1068]
  [82:84]  g2active_wp    = [+0.0025  +0.0692  -0.0223]
  ICRA FORCE METRICS      : Fz_mean= 3.74N  Fz_peak=11.97N  Fz_violations(>10N)=1 ( 2.6%)
  obs_dim  = 85
=============================================================================================================================================
[INFO] [1789072801.125230118] [rl_env_node]: 
--- ACTION DIAGNOSTICS ---
Raw delta pos: [ 0.64664614 -0.35086715  0.93374085]
Safe target pos: [ 0.51470439 -0.16226204  0.05616981]
Target orientation (quat): [ 0.98313754  0.02638011 -0.15417359  0.09473735]
Target tilt angle from normal: 20.89 deg
Stiffness (Kp_pos diag): [86.18134, 232.25386, 245.95988]
Stiffness (Kp_ori): [1.0039603, 9.972722, 6.1617556]
--------------------------
[INFO] [1789072801.174671653] [rl_env_node]: 
--- ACTION DIAGNOSTICS ---
Raw delta pos: [ 0.7351233  -0.4765637   0.88953865]
Safe target pos: [ 0.51496458 -0.15026486  0.05598065]
Target orientation (quat): [ 0.98464583  0.02264636 -0.14407325  0.09593034]
Target tilt angle from normal: 21.92 deg
Stiffness (Kp_pos diag): [87.023476, 270.14786, 252.2067]
Stiffness (Kp_ori): [1.0031878, 9.975198, 6.539695]
--------------------------
[INFO] [1789072801.224352576] [rl_env_node]: 
--- ACTION DIAGNOSTICS ---
Raw delta pos: [ 0.5063071 -0.8221855  0.964144 ]
Safe target pos: [ 0.51491197 -0.13826498  0.0560189 ]
Target orientation (quat): [ 0.98564218  0.01690991 -0.13800211  0.0958069 ]
Target tilt angle from normal: 22.45 deg
Stiffness (Kp_pos diag): [44.763195, 235.31047, 220.08609]
Stiffness (Kp_ori): [1.0148032, 9.947774, 3.1350348]
--------------------------
[INFO] [1789072801.276996161] [rl_env_node]: 
--- ACTION DIAGNOSTICS ---
Raw delta pos: [ 0.2792933  -0.87739867  0.6393969 ]
Safe target pos: [ 0.51369422 -0.12632693  0.05690421]
Target orientation (quat): [ 0.98621505  0.02583391 -0.13176402  0.0966992 ]
Target tilt angle from normal: 23.28 deg
Stiffness (Kp_pos diag): [121.03509, 206.06958, 195.0968]
Stiffness (Kp_ori): [1.0078423, 9.95285, 2.881199]
--------------------------
[INFO] [1789072801.324784301] [rl_env_node]: 
--- ACTION DIAGNOSTICS ---
Raw delta pos: [ 0.0515126  -0.44038135  0.8662691 ]
Safe target pos: [ 0.51181948 -0.11447427  0.05826714]
Target orientation (quat): [ 0.98691766  0.02363533 -0.12311411  0.10137959]
Target tilt angle from normal: 24.36 deg
Stiffness (Kp_pos diag): [42.556427, 132.5156, 220.32011]
Stiffness (Kp_ori): [1.0152199, 9.775576, 2.1580992]
--------------------------
[INFO] [1789072801.377099285] [rl_env_node]: 
--- ACTION DIAGNOSTICS ---
Raw delta pos: [ 0.12083447 -0.48518193  0.8873694 ]
Safe target pos: [ 0.50924323 -0.10275408  0.06014007]
Target orientation (quat): [ 0.98714306  0.0267037  -0.11718275  0.10537406]
Target tilt angle from normal: 25.21 deg
Stiffness (Kp_pos diag): [43.619675, 154.11032, 215.85153]
Stiffness (Kp_ori): [1.0132475, 9.800026, 2.323515]
--------------------------
[INFO] [1789072801.433356666] [rl_env_node]: 
--- ACTION DIAGNOSTICS ---
Raw delta pos: [ 0.13122559 -0.46667248  0.873786  ]
Safe target pos: [ 0.50604983 -0.09118679  0.06246168]
Target orientation (quat): [ 0.98668755  0.02926393 -0.11855093  0.10741036]
Target tilt angle from normal: 25.21 deg
Stiffness (Kp_pos diag): [42.59232, 148.66023, 213.31104]
Stiffness (Kp_ori): [1.0127604, 9.797751, 2.351956]
--------------------------
[INFO] [1789072801.477735850] [rl_env_node]: 
--- ACTION DIAGNOSTICS ---
Raw delta pos: [ 0.08611834 -0.4922688   0.88401246]
Safe target pos: [ 0.50225882 -0.07980135  0.06521774]
Target orientation (quat): [ 0.98585588  0.03335357 -0.12104105  0.11101701]
Target tilt angle from normal: 25.21 deg
Stiffness (Kp_pos diag): [46.354713, 138.71092, 190.62315]
Stiffness (Kp_ori): [1.0137417, 9.8212185, 2.744368]
--------------------------
[INFO] [1789072801.524801972] [rl_env_node]: 
--- ACTION DIAGNOSTICS ---
Raw delta pos: [ 0.03708041 -0.49940944  0.86835885]
Safe target pos: [ 0.49788502 -0.06862683  0.06839749]
Target orientation (quat): [ 0.98486033  0.03993737 -0.12410164  0.11425372]
Target tilt angle from normal: 25.21 deg
Stiffness (Kp_pos diag): [58.66443, 129.62857, 188.25783]
Stiffness (Kp_ori): [1.0108452, 9.838414, 2.84244]
--------------------------
[INFO] [1789072801.581070124] [rl_env_node]: 
--- ACTION DIAGNOSTICS ---
Raw delta pos: [ 0.05068767 -0.38657403  0.88374555]
Safe target pos: [ 0.4929479  -0.05768952  0.07198678]
Target orientation (quat): [ 0.9836192   0.04427843 -0.1277998   0.11916336]
Target tilt angle from normal: 25.21 deg
Stiffness (Kp_pos diag): [56.63573, 124.85523, 177.31958]
Stiffness (Kp_ori): [1.0116775, 9.85669, 2.937256]
--------------------------
[INFO] [1789072801.625973610] [rl_env_node]: 
--- ACTION DIAGNOSTICS ---
Raw delta pos: [ 0.1589235  -0.29900843  0.8995054 ]
Safe target pos: [ 0.48742455 -0.04703622  0.07600225]
Target orientation (quat): [ 0.98233376  0.04656963 -0.13156625  0.12466745]
Target tilt angle from normal: 25.21 deg
Stiffness (Kp_pos diag): [63.62565, 121.00797, 170.70801]
Stiffness (Kp_ori): [1.010473, 9.897364, 3.1437736]
--------------------------
[INFO] [1789072801.672267583] [rl_env_node]: 
================================================================ OBS SNAPSHOT ================================================================
  [00:06]  joint_pos      = [-0.0470  +0.4786  -0.1436  -2.1467  -0.0618  +2.3126  +0.5619]
  [07:13]  cos(jnt_pos)   = [+0.9989  +0.8876  +0.9897  -0.5446  +0.9981  -0.6756  +0.8462]
  [14:20]  sin(jnt_pos)   = [-0.0470  +0.4606  -0.1431  -0.8387  -0.0618  +0.7372  +0.5328]
  [21:27]  joint_vel      = [+0.0541  +0.0182  +0.2064  +0.0015  +0.0015  +0.0298  +0.1309]
  [28:34]  joint_acc      = [+0.3109  -0.6455  +0.3239  -0.5777  -0.0395  -0.4496  +0.4969]
  [35:37]  eef_pos(TCP)   = [+0.5029  -0.1050  +0.0989]  (eraser tip)
  [38:41]  eef_quat       = [+0.9857  +0.0444  -0.1613  +0.0200]  (flange xyzw)
  [42:45]  eef_quat_site  = [+0.7137  -0.1672  -0.1501  -0.6634]  (grip-site xyzw)
  [46]     contact        = 1  (|Fz_net|>2N, net=10.06N, raw=-9.45N, tare=0.62N)
  [47:81]  markers (active=1):
    M0 (WIPED  )  pos=[+0.4525  -0.1144  +0.1262]  g2m=[-0.0504  -0.0093  +0.0272]
    M1 (active )  pos=[+0.4669  -0.0452  +0.1154]  g2m=[-0.0360  +0.0598  +0.0165]
    M2 (pending)  pos=[+0.5104  +0.0106  +0.0835]  g2m=[+0.0075  +0.1157  -0.0155]
    M3 (pending)  pos=[+0.5577  +0.0623  +0.0487]  g2m=[+0.0548  +0.1673  -0.0503]
    M4 (pending)  pos=[+0.5816  +0.1400  +0.0309]  g2m=[+0.0787  +0.2451  -0.0680]
  [82:84]  g2active_wp    = [-0.0360  +0.0598  +0.0165]
  ICRA FORCE METRICS      : Fz_mean= 5.29N  Fz_peak=18.91N  Fz_violations(>10N)=9 (19.1%)
  obs_dim  = 85
=============================================================================================================================================
[INFO] [1789072801.673929679] [rl_env_node]: 
--- ACTION DIAGNOSTICS ---
Raw delta pos: [ 0.04907918 -0.1668185   0.90346265]
Safe target pos: [ 0.48123022 -0.03675857  0.08050553]
Target orientation (quat): [ 0.98076281  0.05007461 -0.13621891  0.13054214]
Target tilt angle from normal: 25.21 deg
Stiffness (Kp_pos diag): [57.90408, 132.54176, 152.08846]
Stiffness (Kp_ori): [1.0091941, 9.931903, 3.7628589]
--------------------------
[INFO] [1789072801.737330835] [rl_env_node]: 
--- ACTION DIAGNOSTICS ---
Raw delta pos: [-0.07379884 -0.06293219  0.9107082 ]
Safe target pos: [ 0.47426215 -0.02698892  0.08557132]
Target orientation (quat): [ 0.97932932  0.05323242 -0.14048231  0.13544416]
Target tilt angle from normal: 25.21 deg
Stiffness (Kp_pos diag): [62.55129, 128.5214, 135.356]
Stiffness (Kp_ori): [1.0085565, 9.949586, 4.0860147]
--------------------------
[INFO] [1789072801.781048437] [rl_env_node]: 
--- ACTION DIAGNOSTICS ---
Raw delta pos: [-0.02981639  0.03858256  0.93410766]
Safe target pos: [ 0.46637061 -0.01794881  0.09130846]
Target orientation (quat): [ 0.97785765  0.05638799 -0.14487296  0.1400951 ]
Target tilt angle from normal: 25.21 deg
Stiffness (Kp_pos diag): [71.45665, 118.06002, 107.58856]
Stiffness (Kp_ori): [1.0067182, 9.971602, 4.3486814]
--------------------------
[INFO] [1789072801.825625354] [rl_env_node]: 
--- ACTION DIAGNOSTICS ---
Raw delta pos: [-0.24768662  0.03301024  0.9417069 ]
Safe target pos: [ 0.45741884 -0.0099572   0.0978164 ]
Target orientation (quat): [ 0.97670923  0.05878512 -0.14830755  0.14348609]
Target tilt angle from normal: 25.21 deg
Stiffness (Kp_pos diag): [91.58536, 140.84863, 93.0787]
Stiffness (Kp_ori): [1.0051267, 9.975786, 4.6201096]
--------------------------
[INFO] [1789072801.874831257] [rl_env_node]: 
--- ACTION DIAGNOSTICS ---
Raw delta pos: [-0.34781706  0.08069205  0.94834924]
Safe target pos: [ 0.44730644 -0.0034966   0.10516812]
Target orientation (quat): [ 0.9757073   0.06090424 -0.15131235  0.14625495]
Target tilt angle from normal: 25.21 deg
Stiffness (Kp_pos diag): [110.03742, 144.59073, 88.44863]
Stiffness (Kp_ori): [1.0040166, 9.97846, 4.734316]
--------------------------
[INFO] [1789072801.927016394] [rl_env_node]: 
--- ACTION DIAGNOSTICS ---
Raw delta pos: [-0.4985751   0.12046611  0.95433784]
Safe target pos: [0.43620209 0.00105241 0.11324098]
Target orientation (quat): [ 0.9747642   0.06299364 -0.15415032  0.14867494]
Target tilt angle from normal: 25.21 deg
Stiffness (Kp_pos diag): [127.80912, 183.41043, 72.02388]
Stiffness (Kp_ori): [1.0037599, 9.982178, 4.898689]
--------------------------
[INFO] [1789072801.979501472] [rl_env_node]: 
--- ACTION DIAGNOSTICS ---
Raw delta pos: [-0.7149863   0.18312168  0.9540827 ]
Safe target pos: [0.42438141 0.00311914 0.12183462]
Target orientation (quat): [ 0.97408591  0.06482419 -0.15620801  0.1501783 ]
Target tilt angle from normal: 25.21 deg
Stiffness (Kp_pos diag): [135.92429, 208.4278, 62.63938]
Stiffness (Kp_ori): [1.0030987, 9.979037, 4.5322576]
--------------------------
[INFO] [1789072802.024028128] [rl_env_node]: 
--- ACTION DIAGNOSTICS ---
Raw delta pos: [-0.86364156  0.28750646  0.95218086]
Safe target pos: [0.41238915 0.00268814 0.13055299]
Target orientation (quat): [ 0.97345371  0.06667211 -0.15813429  0.15144721]
Target tilt angle from normal: 25.21 deg
Stiffness (Kp_pos diag): [123.249374, 247.2393, 43.893223]
Stiffness (Kp_ori): [1.0027657, 9.984941, 4.161694]
--------------------------
[INFO] [1789072802.076272514] [rl_env_node]: 
--- ACTION DIAGNOSTICS ---
Raw delta pos: [-0.8750631  0.2533368  0.9623275]
Safe target pos: [4.00686274e-01 3.43361343e-05 1.39060979e-01]
Target orientation (quat): [ 0.97299163  0.06790086 -0.15953882  0.15239466]
Target tilt angle from normal: 25.21 deg
Stiffness (Kp_pos diag): [122.0859, 243.704, 37.840916]
Stiffness (Kp_ori): [1.0024642, 9.983347, 3.5473576]
--------------------------
[INFO] [1789072802.126621445] [rl_env_node]: 
--- ACTION DIAGNOSTICS ---
Raw delta pos: [-0.86994314  0.3208052   0.96335983]
Safe target pos: [ 0.38956033 -0.00446159  0.14714954]
Target orientation (quat): [ 0.97273383  0.06890586 -0.16033615  0.15275209]
Target tilt angle from normal: 25.21 deg
Stiffness (Kp_pos diag): [126.2977, 238.34538, 37.710175]
Stiffness (Kp_ori): [1.0024011, 9.979833, 3.121828]
--------------------------
[INFO] [1789072802.174313817] [rl_env_node]: 
================================================================ OBS SNAPSHOT ================================================================
  [00:06]  joint_pos      = [+0.0242  +0.4684  -0.0610  -2.1610  -0.0618  +2.3012  +0.6489]
  [07:13]  cos(jnt_pos)   = [+0.9997  +0.8923  +0.9981  -0.5565  +0.9981  -0.6672  +0.7968]
  [14:20]  sin(jnt_pos)   = [+0.0242  +0.4515  -0.0610  -0.8309  -0.0618  +0.7449  +0.6043]
  [21:27]  joint_vel      = [+0.1663  -0.1040  +0.0500  -0.0909  -0.0009  -0.0979  +0.1052]
  [28:34]  joint_acc      = [-0.5079  -0.3532  -0.2070  -0.2442  -0.0169  +0.3347  -0.1232]
  [35:37]  eef_pos(TCP)   = [+0.5048  -0.0236  +0.0981]  (eraser tip)
  [38:41]  eef_quat       = [+0.9830  +0.0754  -0.1663  +0.0194]  (flange xyzw)
  [42:45]  eef_quat_site  = [+0.7141  -0.1486  -0.1754  -0.6613]  (grip-site xyzw)
  [46]     contact        = 1  (|Fz_net|>2N, net=4.17N, raw=-3.55N, tare=0.62N)
  [47:81]  markers (active=1):
    M0 (WIPED  )  pos=[+0.4525  -0.1144  +0.1262]  g2m=[-0.0523  -0.0908  +0.0280]
    M1 (active )  pos=[+0.4669  -0.0452  +0.1154]  g2m=[-0.0379  -0.0216  +0.0173]
    M2 (pending)  pos=[+0.5104  +0.0106  +0.0835]  g2m=[+0.0056  +0.0342  -0.0147]
    M3 (pending)  pos=[+0.5577  +0.0623  +0.0487]  g2m=[+0.0530  +0.0858  -0.0495]
    M4 (pending)  pos=[+0.5816  +0.1400  +0.0309]  g2m=[+0.0768  +0.1636  -0.0672]
  [82:84]  g2active_wp    = [-0.0379  -0.0216  +0.0173]
  ICRA FORCE METRICS      : Fz_mean= 5.58N  Fz_peak=18.91N  Fz_violations(>10N)=10 (17.5%)
  obs_dim  = 85
=============================================================================================================================================
[INFO] [1789072802.181114211] [rl_env_node]: 
--- ACTION DIAGNOSTICS ---
Raw delta pos: [-0.8901662  0.2837863  0.9715049]
Safe target pos: [ 0.37913838 -0.01040994  0.1547263 ]
Target orientation (quat): [ 0.97241104  0.06929006 -0.16129897  0.15361737]
Target tilt angle from normal: 25.21 deg
Stiffness (Kp_pos diag): [147.19049, 254.7371, 42.316082]
Stiffness (Kp_ori): [1.0026948, 9.980871, 3.5502863]
--------------------------
[INFO] [1789072802.225150597] [rl_env_node]: 
--- ACTION DIAGNOSTICS ---
Raw delta pos: [-0.8681858   0.29885626  0.9712386 ]
Safe target pos: [ 0.36940734 -0.01743183  0.16180076]
Target orientation (quat): [ 0.97256596  0.07014183 -0.16087977  0.15268682]
Target tilt angle from normal: 25.21 deg
Stiffness (Kp_pos diag): [160.81181, 243.12996, 67.96994]
Stiffness (Kp_ori): [1.0032479, 9.96859, 2.9378722]
--------------------------
[INFO] [1789072802.279930346] [rl_env_node]: 
--- ACTION DIAGNOSTICS ---
Raw delta pos: [-0.8880354   0.21022451  0.9678205 ]
Safe target pos: [ 0.36026467 -0.02520433  0.16844748]
Target orientation (quat): [ 0.97277161  0.07072884 -0.16030125  0.15171136]
Target tilt angle from normal: 25.21 deg
Stiffness (Kp_pos diag): [162.16565, 250.38208, 56.55491]
Stiffness (Kp_ori): [1.0034187, 9.972992, 2.9277282]
--------------------------
[INFO] [1789072802.330379011] [rl_env_node]: 
--- ACTION DIAGNOSTICS ---
Raw delta pos: [-0.87090343  0.2244873   0.96990097]
Safe target pos: [ 0.35166986 -0.03357864  0.17469591]
Target orientation (quat): [ 0.97333476  0.07187974 -0.15869993  0.14922159]
Target tilt angle from normal: 25.21 deg
Stiffness (Kp_pos diag): [169.52753, 249.52472, 75.35953]
Stiffness (Kp_ori): [1.0042969, 9.965997, 2.8183932]
--------------------------
[INFO] [1789072802.373975562] [rl_env_node]: 
--- ACTION DIAGNOSTICS ---
Raw delta pos: [-0.88159084  0.20235288  0.9672303 ]
Safe target pos: [ 0.35       -0.04271022  0.18035598]
Target orientation (quat): [ 0.97417299  0.07351017 -0.15631846  0.14542278]
Target tilt angle from normal: 25.21 deg
Stiffness (Kp_pos diag): [189.34685, 267.28198, 120.13163]
Stiffness (Kp_ori): [1.0047159, 9.961659, 2.3717885]
--------------------------
[INFO] [1789072802.424381133] [rl_env_node]: 
--- ACTION DIAGNOSTICS ---
Raw delta pos: [-0.88069695  0.21910572  0.9537461 ]
Safe target pos: [ 0.35       -0.05259455  0.1808567 ]
Target orientation (quat): [ 0.97607972  0.07533294 -0.15084194  0.13725899]
Target tilt angle from normal: 25.21 deg
Stiffness (Kp_pos diag): [170.17659, 269.85095, 123.905655]
Stiffness (Kp_ori): [1.0057769, 9.963734, 2.2726138]
--------------------------
[INFO] [1789072802.474772680] [rl_env_node]: 
--- ACTION DIAGNOSTICS ---
Raw delta pos: [-0.8557564  0.3326981  0.9623759]
Safe target pos: [ 0.35       -0.06342821  0.17966166]
Target orientation (quat): [ 0.97871327  0.07409474 -0.14315576  0.12703042]
Target tilt angle from normal: 25.21 deg
Stiffness (Kp_pos diag): [158.42688, 269.9006, 164.96346]
Stiffness (Kp_ori): [1.005959, 9.965174, 2.5812702]
--------------------------
[INFO] [1789072802.524443927] [rl_env_node]: 
--- ACTION DIAGNOSTICS ---
Raw delta pos: [-0.73226196  0.4089136   0.96472645]
Safe target pos: [ 0.35       -0.07521811  0.17753524]
Target orientation (quat): [ 0.98264623  0.06816419 -0.13159956  0.11154186]
Target tilt angle from normal: 25.21 deg
Stiffness (Kp_pos diag): [151.42755, 260.3524, 226.39355]
Stiffness (Kp_ori): [1.0058953, 9.940899, 2.9582863]
--------------------------
[INFO] [1789072802.574058898] [rl_env_node]: 
--- ACTION DIAGNOSTICS ---
Raw delta pos: [-0.640846    0.4389887   0.97355175]
Safe target pos: [ 0.35392415 -0.08655835  0.17353524]
Target orientation (quat): [ 0.98693128  0.05552373 -0.1189261   0.09348981]
Target tilt angle from normal: 25.21 deg
Stiffness (Kp_pos diag): [147.62271, 253.44688, 244.88332]
Stiffness (Kp_ori): [1.0068991, 9.941273, 3.2483213]
--------------------------
[INFO] [1789072802.624263395] [rl_env_node]: 
--- ACTION DIAGNOSTICS ---
Raw delta pos: [-0.43088394  0.4749272   0.974311  ]
Safe target pos: [ 0.3649606  -0.0912697   0.16953524]
Target orientation (quat): [ 0.99077255  0.03854548 -0.10762943  0.07280047]
Target tilt angle from normal: 25.21 deg
Stiffness (Kp_pos diag): [128.51991, 247.2423, 254.73248]
Stiffness (Kp_ori): [1.0081027, 9.917377, 3.2897396]
--------------------------
[INFO] [1789072802.674830357] [rl_env_node]: 
--- ACTION DIAGNOSTICS ---
Raw delta pos: [-0.22191763  0.35508597  0.9791298 ]
Safe target pos: [ 0.37679167 -0.08926326  0.16553524]
Target orientation (quat): [ 0.99350418  0.02019045 -0.09975631  0.05089673]
Target tilt angle from normal: 25.21 deg
Stiffness (Kp_pos diag): [162.28993, 241.15465, 254.8799]
Stiffness (Kp_ori): [1.0164819, 9.823563, 2.964422]
--------------------------
[INFO] [1789072802.723591567] [rl_env_node]: 
================================================================ OBS SNAPSHOT ================================================================
  [00:06]  joint_pos      = [+0.0000  +0.2464  -0.1081  -2.3750  -0.0679  +2.2646  +0.6301]
  [07:13]  cos(jnt_pos)   = [+1.0000  +0.9698  +0.9942  -0.7203  +0.9977  -0.6394  +0.8079]
  [14:20]  sin(jnt_pos)   = [+0.0000  +0.2440  -0.1078  -0.6937  -0.0678  +0.7688  +0.5893]
  [21:27]  joint_vel      = [-0.1742  -0.4955  -0.2481  -0.4726  +0.0005  +0.0233  -0.1944]
  [28:34]  joint_acc      = [-0.1740  +1.4107  -0.4224  +1.0289  +0.2146  +0.4771  -1.8559]
  [35:37]  eef_pos(TCP)   = [+0.4399  -0.0572  +0.1412]  (eraser tip)
  [38:41]  eef_quat       = [+0.9825  +0.0479  -0.1799  +0.0113]  (flange xyzw)
  [42:45]  eef_quat_site  = [+0.7055  -0.1775  -0.1664  -0.6656]  (grip-site xyzw)
  [46]     contact        = 0  (|Fz_net|>2N, net=1.46N, raw=-0.84N, tare=0.62N)
  [47:81]  markers (active=1):
    M0 (WIPED  )  pos=[+0.4525  -0.1144  +0.1262]  g2m=[+0.0126  -0.0572  -0.0151]
    M1 (active )  pos=[+0.4669  -0.0452  +0.1154]  g2m=[+0.0270  +0.0120  -0.0258]
    M2 (pending)  pos=[+0.5104  +0.0106  +0.0835]  g2m=[+0.0705  +0.0678  -0.0578]
    M3 (pending)  pos=[+0.5577  +0.0623  +0.0487]  g2m=[+0.1179  +0.1195  -0.0926]
    M4 (pending)  pos=[+0.5816  +0.1400  +0.0309]  g2m=[+0.1417  +0.1972  -0.1103]
  [82:84]  g2active_wp    = [+0.0270  +0.0120  -0.0258]
  ICRA FORCE METRICS      : Fz_mean= 5.44N  Fz_peak=18.91N  Fz_violations(>10N)=10 (14.7%)
  obs_dim  = 85
=============================================================================================================================================
[INFO] [1789072802.725556543] [rl_env_node]: 
--- ACTION DIAGNOSTICS ---
Raw delta pos: [-0.11324143 -0.25140452  0.97384906]
Safe target pos: [ 0.38776132 -0.0843984   0.16153524]
Target orientation (quat): [ 0.99471288  0.00354381 -0.09760411  0.0317359 ]
Target tilt angle from normal: 25.03 deg
Stiffness (Kp_pos diag): [187.33702, 245.28212, 242.49469]
Stiffness (Kp_ori): [1.0066879, 9.980338, 4.854782]
--------------------------
[INFO] [1789072802.774322043] [rl_env_node]: 
--- ACTION DIAGNOSTICS ---
Raw delta pos: [ 0.11360216 -0.06936026  0.9702394 ]
Safe target pos: [ 0.3979973  -0.07813545  0.15753524]
Target orientation (quat): [ 0.99529556 -0.01340074 -0.09523989  0.01168503]
Target tilt angle from normal: 25.20 deg
Stiffness (Kp_pos diag): [216.8305, 237.23048, 232.99934]
Stiffness (Kp_ori): [1.0087622, 9.97556, 4.39225]
--------------------------
[INFO] [1789072802.829118200] [rl_env_node]: 
--- ACTION DIAGNOSTICS ---
Raw delta pos: [0.45540833 0.01778352 0.9910095 ]
Safe target pos: [ 0.40778314 -0.07119014  0.15353524]
Target orientation (quat): [ 0.99481757 -0.03008017 -0.09696577 -0.00555207]
Target tilt angle from normal: 25.21 deg
Stiffness (Kp_pos diag): [238.81197, 230.86354, 215.10149]
Stiffness (Kp_ori): [1.007346, 9.983953, 6.4772596]
--------------------------
[INFO] [1789072802.876794461] [rl_env_node]: 
--- ACTION DIAGNOSTICS ---
Raw delta pos: [ 0.35949862 -0.23793322  0.9735124 ]
Safe target pos: [ 0.41738512 -0.06399277  0.14953524]
Target orientation (quat): [ 0.99366019 -0.04499501 -0.10083543 -0.02114463]
Target tilt angle from normal: 25.21 deg
Stiffness (Kp_pos diag): [142.40855, 266.47913, 249.76726]
Stiffness (Kp_ori): [1.00636, 9.983539, 6.3810945]
--------------------------
[INFO] [1789072802.924787746] [rl_env_node]: 
--- ACTION DIAGNOSTICS ---
Raw delta pos: [ 0.3650272  -0.16376293  0.9830885 ]
Safe target pos: [ 0.42699924 -0.05681164  0.14153524]
Target orientation (quat): [ 0.99215689 -0.05839498 -0.10562631 -0.03252399]
Target tilt angle from normal: 25.21 deg
Stiffness (Kp_pos diag): [103.21663, 270.55823, 216.52792]
Stiffness (Kp_ori): [1.0058753, 9.991933, 6.062547]
--------------------------
[INFO] [1789072802.981164349] [rl_env_node]: 
--- ACTION DIAGNOSTICS ---
Raw delta pos: [0.24283373 0.26992893 0.9872384 ]
Safe target pos: [ 0.43667206 -0.04970977  0.13353524]
Target orientation (quat): [ 0.99020906 -0.06867116 -0.11198201 -0.04722616]
Target tilt angle from normal: 25.21 deg
Stiffness (Kp_pos diag): [77.67412, 225.4905, 216.99966]
Stiffness (Kp_ori): [1.016166, 9.885694, 3.8197792]
--------------------------
[INFO] [1789072803.024441734] [rl_env_node]: 
--- ACTION DIAGNOSTICS ---
Raw delta pos: [0.46218443 0.34182036 0.98335195]
Safe target pos: [ 0.44635842 -0.04262638  0.12553524]
Target orientation (quat): [ 0.98803297 -0.077022   -0.11903038 -0.0607473 ]
Target tilt angle from normal: 25.21 deg
Stiffness (Kp_pos diag): [97.30118, 213.44624, 215.03409]
Stiffness (Kp_ori): [1.0139258, 9.861179, 3.792692]
--------------------------
[INFO] [1789072803.074619961] [rl_env_node]: 
--- ACTION DIAGNOSTICS ---
Raw delta pos: [0.34839332 0.3631817  0.9833069 ]
Safe target pos: [ 0.45612562 -0.03565488  0.11753524]
Target orientation (quat): [ 0.98588392 -0.08336718 -0.12595537 -0.07223609]
Target tilt angle from normal: 25.21 deg
Stiffness (Kp_pos diag): [86.99112, 206.96631, 218.02716]
Stiffness (Kp_ori): [1.0121298, 9.872513, 3.5038862]
--------------------------
[INFO] [1789072803.124445063] [rl_env_node]: 
--- ACTION DIAGNOSTICS ---
Raw delta pos: [0.12969112 0.36380386 0.9857204 ]
Safe target pos: [ 0.46607663 -0.02894836  0.10953524]
Target orientation (quat): [ 0.9839956  -0.08773335 -0.13202742 -0.08138969]
Target tilt angle from normal: 25.21 deg
Stiffness (Kp_pos diag): [78.89481, 208.21194, 195.63257]
Stiffness (Kp_ori): [1.0102525, 9.915375, 3.4815257]
--------------------------
[INFO] [1789072803.174350954] [rl_env_node]: 
--- ACTION DIAGNOSTICS ---
Raw delta pos: [0.16610932 0.38254237 0.9850352 ]
Safe target pos: [ 0.47633601 -0.02272379  0.10153524]
Target orientation (quat): [ 0.98228004 -0.09077541 -0.13754526 -0.08925834]
Target tilt angle from normal: 25.21 deg
Stiffness (Kp_pos diag): [75.12963, 213.27432, 205.64645]
Stiffness (Kp_ori): [1.008637, 9.921033, 3.74465]
--------------------------
[INFO] [1789072803.224886119] [rl_env_node]: 
--- ACTION DIAGNOSTICS ---
Raw delta pos: [-0.07049298  0.29459977  0.98921585]
Safe target pos: [ 0.48696045 -0.01714515  0.09353524]
Target orientation (quat): [ 0.98111697 -0.09209327 -0.14130474 -0.09466411]
Target tilt angle from normal: 25.21 deg
Stiffness (Kp_pos diag): [85.75204, 230.30875, 182.72919]
Stiffness (Kp_ori): [1.007464, 9.942261, 4.4161015]
--------------------------
[INFO] [1789072803.273231640] [rl_env_node]: 
================================================================ OBS SNAPSHOT ================================================================
  [00:06]  joint_pos      = [-0.0241  +0.1980  -0.1047  -2.4315  -0.0450  +2.3175  +0.6636]
  [07:13]  cos(jnt_pos)   = [+0.9997  +0.9805  +0.9945  -0.7583  +0.9990  -0.6793  +0.7878]
  [14:20]  sin(jnt_pos)   = [-0.0241  +0.1967  -0.1045  -0.6519  -0.0450  +0.7339  +0.6160]
  [21:27]  joint_vel      = [+0.0398  +0.1287  +0.1707  +0.0588  +0.1033  +0.1214  +0.2462]
  [28:34]  joint_acc      = [+0.2749  +0.4518  +0.3023  +0.3996  -0.2076  -0.1197  +0.7978]
  [35:37]  eef_pos(TCP)   = [+0.4325  -0.0594  +0.1461]  (eraser tip)
  [38:41]  eef_quat       = [+0.9877  +0.0126  -0.1560  +0.0047]  (flange xyzw)
  [42:45]  eef_quat_site  = [+0.7017  -0.1860  -0.1254  -0.6762]  (grip-site xyzw)
  [46]     contact        = 1  (|Fz_net|>2N, net=9.28N, raw=-8.67N, tare=0.62N)
  [47:81]  markers (active=1):
    M0 (WIPED  )  pos=[+0.4525  -0.1144  +0.1262]  g2m=[+0.0199  -0.0550  -0.0199]
    M1 (active )  pos=[+0.4669  -0.0452  +0.1154]  g2m=[+0.0343  +0.0142  -0.0306]
    M2 (pending)  pos=[+0.5104  +0.0106  +0.0835]  g2m=[+0.0778  +0.0700  -0.0626]
    M3 (pending)  pos=[+0.5577  +0.0623  +0.0487]  g2m=[+0.1252  +0.1217  -0.0974]
    M4 (pending)  pos=[+0.5816  +0.1400  +0.0309]  g2m=[+0.1491  +0.1994  -0.1151]
  [82:84]  g2active_wp    = [+0.0343  +0.0142  -0.0306]
  ICRA FORCE METRICS      : Fz_mean= 5.50N  Fz_peak=18.91N  Fz_violations(>10N)=10 (13.5%)
  obs_dim  = 85
=============================================================================================================================================
[INFO] [1789072803.275940867] [rl_env_node]: 
--- ACTION DIAGNOSTICS ---
Raw delta pos: [-0.1364752  0.3257799  0.9857819]
Safe target pos: [ 0.49805189 -0.01256476  0.08553524]
Target orientation (quat): [ 0.9802716  -0.09140203 -0.14411792 -0.099716  ]
Target tilt angle from normal: 25.21 deg
Stiffness (Kp_pos diag): [90.10755, 241.52887, 164.04843]
Stiffness (Kp_ori): [1.0057024, 9.953464, 4.834531]
--------------------------
[INFO] [1789072803.324910923] [rl_env_node]: 
--- ACTION DIAGNOSTICS ---
Raw delta pos: [-0.29365206  0.4040768   0.98886764]
Safe target pos: [ 0.50966245 -0.00953245  0.07753524]
Target orientation (quat): [ 0.98033376 -0.08797607 -0.14410023 -0.10218149]
Target tilt angle from normal: 25.21 deg
Stiffness (Kp_pos diag): [87.39212, 257.08173, 162.51599]
Stiffness (Kp_ori): [1.0047795, 9.9636965, 5.0513783]
--------------------------
[INFO] [1789072803.376966631] [rl_env_node]: 
--- ACTION DIAGNOSTICS ---
Raw delta pos: [-0.35726357  0.25408638  0.986598  ]
Safe target pos: [ 0.52162206 -0.0085487   0.06953524]
Target orientation (quat): [ 0.98097462 -0.08243224 -0.14229277 -0.10318181]
Target tilt angle from normal: 25.21 deg
Stiffness (Kp_pos diag): [97.233864, 271.06232, 171.43726]
Stiffness (Kp_ori): [1.0041368, 9.966404, 5.8767505]
--------------------------
[INFO] [1789072803.424211470] [rl_env_node]: 
--- ACTION DIAGNOSTICS ---
Raw delta pos: [-0.32884026  0.5447769   0.9874959 ]
Safe target pos: [ 0.53347486 -0.01042246  0.06153524]
Target orientation (quat): [ 0.98298222 -0.07342543 -0.13615866 -0.09907312]
Target tilt angle from normal: 25.21 deg
Stiffness (Kp_pos diag): [126.98509, 274.69284, 119.55155]
Stiffness (Kp_ori): [1.0040632, 9.982566, 4.985198]
--------------------------
[INFO] [1789072803.477096788] [rl_env_node]: 
--- ACTION DIAGNOSTICS ---
Raw delta pos: [-0.5644156  0.4817617  0.9864706]
Safe target pos: [ 0.54420524 -0.01579451  0.05353524]
Target orientation (quat): [ 0.98616625 -0.06041084 -0.12625052 -0.08881142]
Target tilt angle from normal: 25.21 deg
Stiffness (Kp_pos diag): [111.514534, 277.87302, 119.74613]
Stiffness (Kp_ori): [1.0041287, 9.983364, 4.985704]
--------------------------
[INFO] [1789072803.529129178] [rl_env_node]: 
--- ACTION DIAGNOSTICS ---
Raw delta pos: [-0.61824405  0.49445868  0.9885738 ]
Safe target pos: [ 0.5523899  -0.02457013  0.04553524]
Target orientation (quat): [ 0.98892459 -0.04887595 -0.11752631 -0.07633383]
Target tilt angle from normal: 25.21 deg
Stiffness (Kp_pos diag): [106.350235, 274.98535, 96.145485]
Stiffness (Kp_ori): [1.004905, 9.978471, 4.558057]
--------------------------
[INFO] [1789072803.574750262] [rl_env_node]: 
--- ACTION DIAGNOSTICS ---
Raw delta pos: [-0.69333005  0.4724244   0.98379636]
Safe target pos: [ 0.55682709 -0.03571963  0.03753524]
Target orientation (quat): [ 0.99116171 -0.03489203 -0.11048318 -0.06461015]
Target tilt angle from normal: 25.21 deg
Stiffness (Kp_pos diag): [94.931244, 276.3786, 107.442345]
Stiffness (Kp_ori): [1.0096276, 9.958746, 4.504944]
--------------------------
[INFO] [1789072803.631558008] [rl_env_node]: 
--- ACTION DIAGNOSTICS ---
Raw delta pos: [-0.63014525  0.46965706  0.9771657 ]
Safe target pos: [ 0.55683154 -0.04771963  0.02953524]
Target orientation (quat): [ 0.99280081 -0.02034808 -0.10530387 -0.05332547]
Target tilt angle from normal: 25.21 deg
Stiffness (Kp_pos diag): [102.40306, 259.94424, 68.47734]
Stiffness (Kp_ori): [1.010216, 9.94776, 3.088554]
--------------------------
[INFO] [1789072803.674159449] [rl_env_node]: 
--- ACTION DIAGNOSTICS ---
Raw delta pos: [-0.73216736  0.17016602  0.97675025]
Safe target pos: [ 0.55217323 -0.05877856  0.02892996]
Target orientation (quat): [ 0.99419333 -0.00353274 -0.10074941 -0.03763903]
Target tilt angle from normal: 25.21 deg
Stiffness (Kp_pos diag): [140.99834, 271.23132, 28.27876]
Stiffness (Kp_ori): [1.0080011, 9.955041, 3.149096]
--------------------------
[INFO] [1789072803.725081313] [rl_env_node]: 
--- ACTION DIAGNOSTICS ---
Raw delta pos: [-0.6568014   0.02664733  0.9731455 ]
Safe target pos: [ 0.54370574 -0.0672816   0.03508583]
Target orientation (quat): [ 0.99491012  0.01136838 -0.09814024 -0.01982678]
Target tilt angle from normal: 25.21 deg
Stiffness (Kp_pos diag): [143.533, 254.17276, 29.531658]
Stiffness (Kp_ori): [1.0077939, 9.944682, 3.0809934]
--------------------------
[INFO] [1789072803.774904947] [rl_env_node]: 
--- ACTION DIAGNOSTICS ---
Raw delta pos: [-0.63671434 -0.22299188  0.96682143]
Safe target pos: [ 0.53295022 -0.07260314  0.04290509]
Target orientation (quat): [ 0.99489417  0.02482442 -0.09778162 -0.00284494]
Target tilt angle from normal: 25.21 deg
Stiffness (Kp_pos diag): [140.36314, 241.19707, 34.749256]
Stiffness (Kp_ori): [1.008997, 9.913827, 3.098592]
--------------------------
[INFO] [1789072803.822550235] [rl_env_node]: 
================================================================ OBS SNAPSHOT ================================================================
  [00:06]  joint_pos      = [-0.0045  +0.4148  -0.0636  -2.2492  -0.0322  +2.4144  +0.7542]
  [07:13]  cos(jnt_pos)   = [+1.0000  +0.9152  +0.9980  -0.6276  +0.9995  -0.7471  +0.7288]
  [14:20]  sin(jnt_pos)   = [-0.0045  +0.4030  -0.0636  -0.7786  -0.0322  +0.6648  +0.6847]
  [21:27]  joint_vel      = [-0.1011  +0.4844  -0.0831  +0.4680  -0.0086  +0.0624  -0.0509]
  [28:34]  joint_acc      = [-0.9215  -0.7633  -0.0559  -0.7137  -0.0050  -1.1538  -0.4309]
  [35:37]  eef_pos(TCP)   = [+0.4961  -0.0392  +0.1022]  (eraser tip)
  [38:41]  eef_quat       = [+0.9920  -0.0043  -0.1250  +0.0161]  (flange xyzw)
  [42:45]  eef_quat_site  = [+0.7115  -0.1767  -0.0906  -0.6740]  (grip-site xyzw)
  [46]     contact        = 1  (|Fz_net|>2N, net=7.56N, raw=-6.95N, tare=0.62N)
  [47:81]  markers (active=1):
    M0 (WIPED  )  pos=[+0.4525  -0.1144  +0.1262]  g2m=[-0.0437  -0.0752  +0.0240]
    M1 (active )  pos=[+0.4669  -0.0452  +0.1154]  g2m=[-0.0293  -0.0061  +0.0133]
    M2 (pending)  pos=[+0.5104  +0.0106  +0.0835]  g2m=[+0.0143  +0.0498  -0.0187]
    M3 (pending)  pos=[+0.5577  +0.0623  +0.0487]  g2m=[+0.0616  +0.1014  -0.0535]
    M4 (pending)  pos=[+0.5816  +0.1400  +0.0309]  g2m=[+0.0855  +0.1792  -0.0713]
  [82:84]  g2active_wp    = [-0.0293  -0.0061  +0.0133]
  ICRA FORCE METRICS      : Fz_mean= 6.01N  Fz_peak=18.91N  Fz_violations(>10N)=13 (15.3%)
  obs_dim  = 85
=============================================================================================================================================
[INFO] [1789072803.825129129] [rl_env_node]: 
--- ACTION DIAGNOSTICS ---
Raw delta pos: [-0.64309824 -0.34398365  0.95685565]
Safe target pos: [ 0.52120066 -0.07504195  0.05144702]
Target orientation (quat): [ 0.99432275  0.03631244 -0.09911425  0.01341796]
Target tilt angle from normal: 25.21 deg
Stiffness (Kp_pos diag): [155.15424, 204.30109, 39.607002]
Stiffness (Kp_ori): [1.0105006, 9.8825035, 3.1482716]
--------------------------
[INFO] [1789072803.881173595] [rl_env_node]: 
--- ACTION DIAGNOSTICS ---
Raw delta pos: [-0.58555645 -0.49807763  0.9606168 ]
Safe target pos: [ 0.50920351 -0.07530364  0.06016895]
Target orientation (quat): [ 0.9933672   0.04567903 -0.10163286  0.02838664]
Target tilt angle from normal: 25.21 deg
Stiffness (Kp_pos diag): [146.24525, 178.8956, 59.77524]
Stiffness (Kp_ori): [1.0120897, 9.838345, 3.4042087]
--------------------------
[INFO] [1789072803.924063475] [rl_env_node]: 
--- ACTION DIAGNOSTICS ---
Raw delta pos: [-0.55736756 -0.52849     0.954926  ]
Safe target pos: [ 0.49727855 -0.07396372  0.06883839]
Target orientation (quat): [ 0.99213497  0.05375701 -0.10503692  0.04178063]
Target tilt angle from normal: 25.21 deg
Stiffness (Kp_pos diag): [163.60178, 166.6277, 79.706116]
Stiffness (Kp_ori): [1.0149841, 9.822035, 3.8602219]
--------------------------
[INFO] [1789072803.975794256] [rl_env_node]: 
--- ACTION DIAGNOSTICS ---
Raw delta pos: [-0.5064733 -0.5309281  0.9590614]
Safe target pos: [ 0.48552844 -0.07152757  0.07738073]
Target orientation (quat): [ 0.99077088  0.05962038 -0.108824    0.05455091]
Target tilt angle from normal: 25.21 deg
Stiffness (Kp_pos diag): [132.4618, 133.734, 92.79067]
Stiffness (Kp_ori): [1.0175054, 9.8381, 4.167021]
--------------------------
[INFO] [1789072804.024405069] [rl_env_node]: 
--- ACTION DIAGNOSTICS ---
Raw delta pos: [-0.4683473  -0.42329645  0.94320595]
Safe target pos: [ 0.47394391 -0.06839727  0.08580268]
Target orientation (quat): [ 0.98936663  0.06486761 -0.11281803  0.06494574]
Target tilt angle from normal: 25.21 deg
Stiffness (Kp_pos diag): [120.838234, 132.1517, 120.98715]
Stiffness (Kp_ori): [1.0140157, 9.842893, 3.6389225]
--------------------------
[INFO] [1789072804.074366799] [rl_env_node]: 
--- ACTION DIAGNOSTICS ---
Raw delta pos: [-0.41143453 -0.40955245  0.9551966 ]
Safe target pos: [ 0.46248406 -0.06483753  0.09413399]
Target orientation (quat): [ 0.9879184   0.06815252 -0.11689697  0.0755484 ]
Target tilt angle from normal: 25.21 deg
Stiffness (Kp_pos diag): [106.07543, 130.1253, 117.304085]
Stiffness (Kp_ori): [1.0165688, 9.890244, 4.381347]
--------------------------
[INFO] [1789072804.124286960] [rl_env_node]: 
--- ACTION DIAGNOSTICS ---
Raw delta pos: [-0.29582453 -0.29933977  0.95581985]
Safe target pos: [ 0.45107494 -0.06111839  0.10242842]
Target orientation (quat): [ 0.98640043  0.07069248 -0.12119632  0.08560505]
Target tilt angle from normal: 25.21 deg
Stiffness (Kp_pos diag): [93.216675, 150.89206, 121.893974]
Stiffness (Kp_ori): [1.0159233, 9.925768, 4.6083183]
--------------------------
[INFO] [1789072804.174172575] [rl_env_node]: 
--- ACTION DIAGNOSTICS ---
Raw delta pos: [-0.32950866 -0.40057552  0.9692888 ]
Safe target pos: [ 0.43966827 -0.05739174  0.11072107]
Target orientation (quat): [ 0.98497508  0.07149663 -0.12519916  0.09506575]
Target tilt angle from normal: 25.21 deg
Stiffness (Kp_pos diag): [98.11049, 137.86487, 103.54563]
Stiffness (Kp_ori): [1.0125823, 9.934932, 4.601059]
--------------------------
[INFO] [1789072804.227841447] [rl_env_node]: 
--- ACTION DIAGNOSTICS ---
Raw delta pos: [-0.3754077  -0.40438747  0.9705205 ]
Safe target pos: [ 0.42826354 -0.05365918  0.11901231]
Target orientation (quat): [ 0.98358679  0.07216275 -0.12913485  0.10331388]
Target tilt angle from normal: 25.21 deg
Stiffness (Kp_pos diag): [103.27881, 134.37415, 95.648186]
Stiffness (Kp_ori): [1.0113331, 9.939044, 4.4195466]
--------------------------
[INFO] [1789072804.276878807] [rl_env_node]: 
--- ACTION DIAGNOSTICS ---
Raw delta pos: [-0.39372474 -0.3461486   0.9694505 ]
Safe target pos: [ 0.41685798 -0.04992914  0.12730415]
Target orientation (quat): [ 0.98227511  0.07256312 -0.13287233  0.11052212]
Target tilt angle from normal: 25.21 deg
Stiffness (Kp_pos diag): [104.29316, 138.87582, 96.89259]
Stiffness (Kp_ori): [1.0110824, 9.940383, 4.209273]
--------------------------
[INFO] [1789072804.329587351] [rl_env_node]: 
--- ACTION DIAGNOSTICS ---
Raw delta pos: [-0.43874776 -0.2752834   0.9688386 ]
Safe target pos: [ 0.40544711 -0.04621538  0.13559985]
Target orientation (quat): [ 0.98103638  0.07330118 -0.13644239  0.11652485]
Target tilt angle from normal: 25.21 deg
Stiffness (Kp_pos diag): [107.414276, 142.26128, 97.01599]
Stiffness (Kp_ori): [1.0101433, 9.94445, 3.903272]
--------------------------
[INFO] [1789072804.374756301] [rl_env_node]: 
================================================================ OBS SNAPSHOT ================================================================
  [00:06]  joint_pos      = [-0.0350  +0.4723  -0.0701  -2.1847  -0.0335  +2.4054  +0.7339]
  [07:13]  cos(jnt_pos)   = [+0.9994  +0.8905  +0.9975  -0.5761  +0.9994  -0.7411  +0.7426]
  [14:20]  sin(jnt_pos)   = [-0.0350  +0.4549  -0.0700  -0.8174  -0.0335  +0.6714  +0.6698]
  [21:27]  joint_vel      = [+0.0192  -0.0764  -0.0001  -0.0616  +0.0008  -0.1137  +0.0003]
  [28:34]  joint_acc      = [+0.1242  -0.3542  -0.0039  -0.4209  +0.0281  -0.4879  -0.0040]
  [35:37]  eef_pos(TCP)   = [+0.5090  -0.0588  +0.0929]  (eraser tip)
  [38:41]  eef_quat       = [+0.9916  -0.0109  -0.1277  +0.0159]  (flange xyzw)
  [42:45]  eef_quat_site  = [+0.7105  -0.1832  -0.0879  -0.6737]  (grip-site xyzw)
  [46]     contact        = 1  (|Fz_net|>2N, net=4.25N, raw=-3.64N, tare=0.62N)
  [47:81]  markers (active=1):
    M0 (WIPED  )  pos=[+0.4525  -0.1144  +0.1262]  g2m=[-0.0565  -0.0555  +0.0333]
    M1 (active )  pos=[+0.4669  -0.0452  +0.1154]  g2m=[-0.0421  +0.0136  +0.0225]
    M2 (pending)  pos=[+0.5104  +0.0106  +0.0835]  g2m=[+0.0014  +0.0695  -0.0095]
    M3 (pending)  pos=[+0.5577  +0.0623  +0.0487]  g2m=[+0.0487  +0.1211  -0.0443]
    M4 (pending)  pos=[+0.5816  +0.1400  +0.0309]  g2m=[+0.0726  +0.1989  -0.0620]
  [82:84]  g2active_wp    = [-0.0421  +0.0136  +0.0225]
  ICRA FORCE METRICS      : Fz_mean= 6.19N  Fz_peak=18.91N  Fz_violations(>10N)=13 (13.5%)
  obs_dim  = 85
=============================================================================================================================================
[INFO] [1789072804.385756606] [rl_env_node]: 
--- ACTION DIAGNOSTICS ---
Raw delta pos: [-0.44686633 -0.16676593  0.970364  ]
Safe target pos: [ 0.39402751 -0.04252854  0.1439019 ]
Target orientation (quat): [ 0.97992867  0.07337502 -0.13962179  0.12190845]
Target tilt angle from normal: 25.21 deg
Stiffness (Kp_pos diag): [107.13069, 142.71219, 98.98676]
Stiffness (Kp_ori): [1.0094811, 9.947243, 3.7566748]
--------------------------
[INFO] [1789072804.428058810] [rl_env_node]: 
--- ACTION DIAGNOSTICS ---
Raw delta pos: [-0.48447925 -0.1275298   0.9721129 ]
Safe target pos: [ 0.38259461 -0.03888315  0.15221362]
Target orientation (quat): [ 0.9789577   0.07319283 -0.14240831  0.12650891]
Target tilt angle from normal: 25.21 deg
Stiffness (Kp_pos diag): [104.82923, 141.41818, 104.08203]
Stiffness (Kp_ori): [1.00895, 9.945503, 3.7121673]
--------------------------
[INFO] [1789072804.474575183] [rl_env_node]: 
--- ACTION DIAGNOSTICS ---
Raw delta pos: [-0.49863315 -0.06732374  0.9717877 ]
Safe target pos: [ 0.37113664 -0.03531736  0.16054356]
Target orientation (quat): [ 0.9781553   0.07299264 -0.14471617  0.13015955]
Target tilt angle from normal: 25.21 deg
Stiffness (Kp_pos diag): [108.61234, 162.06085, 106.59081]
Stiffness (Kp_ori): [1.0081108, 9.952334, 3.419948]
--------------------------
[INFO] [1789072804.524247099] [rl_env_node]: 
--- ACTION DIAGNOSTICS ---
Raw delta pos: [-0.5525418  -0.02871168  0.971447  ]
Safe target pos: [ 0.35965021 -0.03184434  0.1688942 ]
Target orientation (quat): [ 0.97758941  0.07296534 -0.14635273  0.13257406]
Target tilt angle from normal: 25.21 deg
Stiffness (Kp_pos diag): [108.15151, 172.59674, 116.50213]
Stiffness (Kp_ori): [1.0075705, 9.948673, 2.9983406]
--------------------------
[INFO] [1789072804.575333131] [rl_env_node]: 
--- ACTION DIAGNOSTICS ---
Raw delta pos: [-0.56407523  0.07531857  0.97290623]
Safe target pos: [ 0.35       -0.02850109  0.17727278]
Target orientation (quat): [ 0.97729768  0.07252959 -0.1471784   0.13404185]
Target tilt angle from normal: 25.21 deg
Stiffness (Kp_pos diag): [111.08378, 191.5706, 115.14132]
Stiffness (Kp_ori): [1.0070027, 9.953438, 2.5917625]
--------------------------
[INFO] [1789072804.626932429] [rl_env_node]: 
--- ACTION DIAGNOSTICS ---
Raw delta pos: [-0.585212    0.1254766   0.97527206]
Safe target pos: [ 0.35       -0.02536392  0.1843305 ]
Target orientation (quat): [ 0.97724885  0.07073743 -0.14723969  0.13528256]
Target tilt angle from normal: 25.21 deg
Stiffness (Kp_pos diag): [101.531944, 194.77254, 154.62569]
Stiffness (Kp_ori): [1.0070312, 9.950731, 2.8019984]
--------------------------
[INFO] [1789072804.684183366] [rl_env_node]: 
--- ACTION DIAGNOSTICS ---
Raw delta pos: [-0.5751105   0.17407835  0.97402596]
Safe target pos: [ 0.35       -0.02259438  0.18439837]
Target orientation (quat): [ 0.97780011  0.06750555 -0.145499    0.13483319]
Target tilt angle from normal: 25.21 deg
Stiffness (Kp_pos diag): [106.835976, 212.61115, 150.12749]
Stiffness (Kp_ori): [1.006062, 9.961127, 2.4231038]
--------------------------
[INFO] [1789072804.725367499] [rl_env_node]: 
--- ACTION DIAGNOSTICS ---
Raw delta pos: [-0.5864498   0.17186105  0.97761023]
Safe target pos: [ 0.35       -0.02059063  0.18451142]
Target orientation (quat): [ 0.97851183  0.06342001 -0.14326185  0.13404676]
Target tilt angle from normal: 25.21 deg
Stiffness (Kp_pos diag): [97.98903, 225.97792, 191.40259]
Stiffness (Kp_ori): [1.0063984, 9.968047, 2.7477403]
--------------------------
[INFO] [1789072804.774949359] [rl_env_node]: 
--- ACTION DIAGNOSTICS ---
Raw delta pos: [-0.5661283   0.27866006  0.98196244]
Safe target pos: [ 0.35       -0.02056437  0.18289226]
Target orientation (quat): [ 0.9801299   0.05659962 -0.13830219  0.13043914]
Target tilt angle from normal: 25.21 deg
Stiffness (Kp_pos diag): [103.32873, 236.08392, 170.41447]
Stiffness (Kp_ori): [1.004875, 9.976543, 2.5049486]
--------------------------
[INFO] [1789072804.824744232] [rl_env_node]: 
--- ACTION DIAGNOSTICS ---
Raw delta pos: [-0.59458333  0.3284546   0.9838214 ]
Safe target pos: [ 0.35       -0.02321621  0.17889226]
Target orientation (quat): [ 0.98240905  0.04985852 -0.13147763  0.12288296]
Target tilt angle from normal: 25.21 deg
Stiffness (Kp_pos diag): [111.00539, 246.52316, 187.41919]
Stiffness (Kp_ori): [1.0047941, 9.975586, 2.6534414]
--------------------------
[INFO] [1789072804.874918453] [rl_env_node]: 
--- ACTION DIAGNOSTICS ---
Raw delta pos: [-0.24155235  0.16290402  0.92665744]
Safe target pos: [ 0.35302391 -0.02862185  0.17489226]
Target orientation (quat): [ 0.98319821  0.04477008 -0.12902153  0.12112127]
Target tilt angle from normal: 25.21 deg
Stiffness (Kp_pos diag): [184.38055, 259.3354, 134.00356]
Stiffness (Kp_ori): [1.0056279, 9.994095, 7.224929]
--------------------------
[INFO] [1789072804.922517818] [rl_env_node]: 
================================================================ OBS SNAPSHOT ================================================================
  [00:06]  joint_pos      = [-0.0048  +0.2975  -0.0672  -2.3484  -0.0335  +2.3365  +0.7344]
  [07:13]  cos(jnt_pos)   = [+1.0000  +0.9561  +0.9977  -0.7016  +0.9994  -0.6930  +0.7422]
  [14:20]  sin(jnt_pos)   = [-0.0048  +0.2932  -0.0672  -0.7126  -0.0335  +0.7209  +0.6701]
  [21:27]  joint_vel      = [+0.0636  -0.4568  -0.0007  -0.4515  +0.0001  -0.0181  +0.0003]
  [28:34]  joint_acc      = [-0.4439  +0.1906  -0.0233  +0.1157  +0.0188  +0.9403  -0.1196]
  [35:37]  eef_pos(TCP)   = [+0.4576  -0.0375  +0.1274]  (eraser tip)
  [38:41]  eef_quat       = [+0.9879  +0.0031  -0.1548  +0.0105]  (flange xyzw)
  [42:45]  eef_quat_site  = [+0.7051  -0.1920  -0.1173  -0.6724]  (grip-site xyzw)
  [46]     contact        = 0  (|Fz_net|>2N, net=1.36N, raw=-0.74N, tare=0.62N)
  [47:81]  markers (active=1):
    M0 (WIPED  )  pos=[+0.4525  -0.1144  +0.1262]  g2m=[-0.0052  -0.0768  -0.0012]
    M1 (active )  pos=[+0.4669  -0.0452  +0.1154]  g2m=[+0.0092  -0.0077  -0.0119]
    M2 (pending)  pos=[+0.5104  +0.0106  +0.0835]  g2m=[+0.0528  +0.0481  -0.0439]
    M3 (pending)  pos=[+0.5577  +0.0623  +0.0487]  g2m=[+0.1001  +0.0998  -0.0787]
    M4 (pending)  pos=[+0.5816  +0.1400  +0.0309]  g2m=[+0.1240  +0.1775  -0.0965]
  [82:84]  g2active_wp    = [+0.0092  -0.0077  -0.0119]
  ICRA FORCE METRICS      : Fz_mean= 5.97N  Fz_peak=18.91N  Fz_violations(>10N)=13 (12.3%)
  obs_dim  = 85
=============================================================================================================================================
[INFO] [1789072804.924605178] [rl_env_node]: 
--- ACTION DIAGNOSTICS ---
Raw delta pos: [-0.25584745  0.1543889   0.93548226]
Safe target pos: [ 0.36223748 -0.03631016  0.17089226]
Target orientation (quat): [ 0.98463554  0.03724917 -0.12464315  0.11648792]
Target tilt angle from normal: 25.21 deg
Stiffness (Kp_pos diag): [187.70103, 260.6469, 139.64052]
Stiffness (Kp_ori): [1.0045724, 9.993658, 7.292824]
--------------------------
[INFO] [1789072804.972078424] [rl_env_node]: [WAYPOINT SWITCH] Active marker M1 -> M2! Smoothly continuing surface wipe.
[INFO] [1789072804.974241274] [rl_env_node]: 
--- ACTION DIAGNOSTICS ---
Raw delta pos: [ 0.94707155 -0.8893149   0.9890609 ]
Safe target pos: [ 0.3716105  -0.02881707  0.16689226]
Target orientation (quat): [ 0.98622402  0.02135214 -0.13437019  0.09407928]
Target tilt angle from normal: 22.82 deg
Stiffness (Kp_pos diag): [118.23656, 146.98064, 290.89093]
Stiffness (Kp_ori): [1.0292127, 9.82895, 2.9671018]
--------------------------
[INFO] [1789072805.024179650] [rl_env_node]: 
--- ACTION DIAGNOSTICS ---
Raw delta pos: [ 0.94220114 -0.8856041   0.9890077 ]
Safe target pos: [ 0.38133504 -0.02178619  0.16289226]
Target orientation (quat): [ 0.98718844  0.00527856 -0.14250234  0.0715836 ]
Target tilt angle from normal: 20.84 deg
Stiffness (Kp_pos diag): [80.74139, 98.8968, 295.1876]
Stiffness (Kp_ori): [1.0494361, 8.907771, 2.2850869]
--------------------------
[INFO] [1789072805.082310733] [rl_env_node]: 
--- ACTION DIAGNOSTICS ---
Raw delta pos: [ 0.9292817  -0.89036334  0.98647165]
Safe target pos: [ 0.39132329 -0.01513526  0.15889226]
Target orientation (quat): [ 0.98733997 -0.01080216 -0.15046476  0.04902502]
Target tilt angle from normal: 19.24 deg
Stiffness (Kp_pos diag): [70.18922, 100.108284, 296.27307]
Stiffness (Kp_ori): [1.0491703, 8.799276, 2.5062551]
--------------------------
[INFO] [1789072805.125020447] [rl_env_node]: 
--- ACTION DIAGNOSTICS ---
Raw delta pos: [ 0.9666048  -0.89236975  0.98895764]
Safe target pos: [ 0.40151079 -0.00879375  0.15489226]
Target orientation (quat): [ 0.98576262 -0.02658897 -0.16389401  0.02653005]
Target tilt angle from normal: 17.46 deg
Stiffness (Kp_pos diag): [155.7545, 142.98488, 293.7535]
Stiffness (Kp_ori): [1.0286121, 9.789375, 3.3399935]
--------------------------
[INFO] [1789072805.177450118] [rl_env_node]: 
--- ACTION DIAGNOSTICS ---
Raw delta pos: [ 0.94434166 -0.8777767   0.98640156]
Safe target pos: [ 0.41186012 -0.00271991  0.15089226]
Target orientation (quat): [ 0.98434646 -0.04250278 -0.17100022  0.00380552]
Target tilt angle from normal: 16.94 deg
Stiffness (Kp_pos diag): [68.76236, 91.7447, 296.37512]
Stiffness (Kp_ori): [1.0519544, 8.774663, 2.7927067]
--------------------------
[INFO] [1789072805.229206418] [rl_env_node]: 
--- ACTION DIAGNOSTICS ---
Raw delta pos: [ 0.9499817  -0.86973536  0.98526835]
Safe target pos: [0.42233839 0.00312866 0.14689226]
Target orientation (quat): [ 0.98202082 -0.05838023 -0.17852208 -0.01888693]
Target tilt angle from normal: 16.99 deg
Stiffness (Kp_pos diag): [73.91872, 76.0281, 295.9863]
Stiffness (Kp_ori): [1.057837, 8.931967, 2.5182066]
--------------------------
[INFO] [1789072805.277120162] [rl_env_node]: 
--- ACTION DIAGNOSTICS ---
Raw delta pos: [ 0.97271955 -0.84192544  0.98872304]
Safe target pos: [0.43288897 0.00884577 0.13889226]
Target orientation (quat): [ 0.97805578 -0.07414316 -0.19030691 -0.04114568]
Target tilt angle from normal: 17.22 deg
Stiffness (Kp_pos diag): [169.90634, 151.73569, 292.52975]
Stiffness (Kp_ori): [1.0265844, 9.826405, 3.5308793]
--------------------------
[INFO] [1789072805.329318311] [rl_env_node]: 
--- ACTION DIAGNOSTICS ---
Raw delta pos: [ 0.944505  -0.8979985  0.9770758]
Safe target pos: [0.44349394 0.01446134 0.13089226]
Target orientation (quat): [ 0.97492417 -0.08955126 -0.19337359 -0.06411002]
Target tilt angle from normal: 18.84 deg
Stiffness (Kp_pos diag): [34.181854, 78.86101, 295.59332]
Stiffness (Kp_ori): [1.060607, 8.857757, 3.2221065]
--------------------------
[INFO] [1789072805.375093119] [rl_env_node]: 
--- ACTION DIAGNOSTICS ---
Raw delta pos: [ 0.9484472  -0.9054031   0.98300064]
Safe target pos: [0.45415413 0.01997135 0.12289226]
Target orientation (quat): [ 0.97122314 -0.10464749 -0.19542888 -0.08707504]
Target tilt angle from normal: 20.88 deg
Stiffness (Kp_pos diag): [46.226532, 103.288124, 294.63525]
Stiffness (Kp_ori): [1.0578246, 9.034861, 3.0170107]
--------------------------
[INFO] [1789072805.422673330] [rl_env_node]: 
================================================================ OBS SNAPSHOT ================================================================
  [00:06]  joint_pos      = [-0.0016  +0.1977  -0.0549  -2.4412  -0.0317  +2.3354  +0.7508]
  [07:13]  cos(jnt_pos)   = [+1.0000  +0.9805  +0.9985  -0.7646  +0.9995  -0.6923  +0.7311]
  [14:20]  sin(jnt_pos)   = [-0.0016  +0.1964  -0.0549  -0.6445  -0.0317  +0.7216  +0.6822]
  [21:27]  joint_vel      = [+0.0037  +0.0356  +0.0626  +0.0336  +0.0050  -0.0008  +0.0678]
  [28:34]  joint_acc      = [+0.0951  +0.1807  +0.1717  +0.2308  -0.3155  +0.0253  +0.3560]
  [35:37]  eef_pos(TCP)   = [+0.4336  -0.0278  +0.1444]  (eraser tip)
  [38:41]  eef_quat       = [+0.9884  +0.0014  -0.1516  +0.0082]  (flange xyzw)
  [42:45]  eef_quat_site  = [+0.7037  -0.1909  -0.1141  -0.6747]  (grip-site xyzw)
  [46]     contact        = 1  (|Fz_net|>2N, net=9.22N, raw=-8.60N, tare=0.62N)
  [47:81]  markers (active=2):
    M0 (WIPED  )  pos=[+0.4525  -0.1144  +0.1262]  g2m=[+0.0189  -0.0865  -0.0182]
    M1 (WIPED  )  pos=[+0.4669  -0.0452  +0.1154]  g2m=[+0.0332  -0.0174  -0.0289]
    M2 (active )  pos=[+0.5104  +0.0106  +0.0835]  g2m=[+0.0768  +0.0385  -0.0609]
    M3 (pending)  pos=[+0.5577  +0.0623  +0.0487]  g2m=[+0.1241  +0.0901  -0.0957]
    M4 (pending)  pos=[+0.5816  +0.1400  +0.0309]  g2m=[+0.1480  +0.1679  -0.1134]
  [82:84]  g2active_wp    = [+0.0768  +0.0385  -0.0609]
  ICRA FORCE METRICS      : Fz_mean= 5.86N  Fz_peak=18.91N  Fz_violations(>10N)=13 (11.6%)
  obs_dim  = 85
=============================================================================================================================================
[INFO] [1789072805.425145290] [rl_env_node]: 
--- ACTION DIAGNOSTICS ---
Raw delta pos: [ 0.9469185  -0.90452456  0.98402536]
Safe target pos: [0.46488337 0.02534568 0.11489226]
Target orientation (quat): [ 0.96691484 -0.11949886 -0.19670752 -0.11000847]
Target tilt angle from normal: 23.21 deg
Stiffness (Kp_pos diag): [46.919468, 117.8069, 293.9916]
Stiffness (Kp_ori): [1.0577589, 9.138984, 2.8541682]
--------------------------
[INFO] [1789072805.476518667] [rl_env_node]: 
--- ACTION DIAGNOSTICS ---
Raw delta pos: [ 0.9455857  -0.89179623  0.98665285]
Safe target pos: [0.47568513 0.03057273 0.10689226]
Target orientation (quat): [ 0.96217736 -0.13161244 -0.19999453 -0.12998111]
Target tilt angle from normal: 25.21 deg
Stiffness (Kp_pos diag): [50.814716, 137.9562, 293.03793]
Stiffness (Kp_ori): [1.0516999, 9.275641, 2.522255]
--------------------------
[INFO] [1789072805.525108435] [rl_env_node]: 
--- ACTION DIAGNOSTICS ---
Raw delta pos: [ 0.94431674 -0.89382     0.9830346 ]
Safe target pos: [0.48657016 0.03562408 0.09889226]
Target orientation (quat): [ 0.95867352 -0.13275052 -0.21100688 -0.13710757]
Target tilt angle from normal: 25.21 deg
Stiffness (Kp_pos diag): [40.15416, 128.00499, 293.3313]
Stiffness (Kp_ori): [1.0596797, 9.288668, 2.6415982]
--------------------------
[INFO] [1789072805.581364429] [rl_env_node]: 
--- ACTION DIAGNOSTICS ---
Raw delta pos: [ 0.9394493  -0.8872179   0.98430693]
Safe target pos: [0.49754861 0.04046904 0.09089226]
Target orientation (quat): [ 0.9557307  -0.13264138 -0.22027672 -0.14304983]
Target tilt angle from normal: 25.21 deg
Stiffness (Kp_pos diag): [38.668766, 153.90186, 291.73508]
Stiffness (Kp_ori): [1.0556285, 9.4162035, 2.4378207]
--------------------------
[INFO] [1789072805.624255388] [rl_env_node]: 
--- ACTION DIAGNOSTICS ---
Raw delta pos: [ 0.9293568  -0.8777497   0.98393273]
Safe target pos: [0.50863159 0.04506986 0.08289226]
Target orientation (quat): [ 0.95358598 -0.13125938 -0.22708187 -0.14791408]
Target tilt angle from normal: 25.21 deg
Stiffness (Kp_pos diag): [39.16676, 179.29985, 290.24237]
Stiffness (Kp_ori): [1.0561059, 9.559958, 2.239076]
--------------------------
[INFO] [1789072805.674118773] [rl_env_node]: 
--- ACTION DIAGNOSTICS ---
Raw delta pos: [ 0.9338422 -0.8911589  0.9816613]
Safe target pos: [0.5198384  0.04936024 0.07489226]
Target orientation (quat): [ 0.95205475 -0.12926128 -0.23198194 -0.15188041]
Target tilt angle from normal: 25.21 deg
Stiffness (Kp_pos diag): [33.78424, 191.46774, 288.84988]
Stiffness (Kp_ori): [1.0608351, 9.582745, 2.2747362]
--------------------------
[INFO] [1789072805.724428654] [rl_env_node]: 
--- ACTION DIAGNOSTICS ---
Raw delta pos: [ 0.91756296 -0.88052714  0.9834467 ]
Safe target pos: [0.53119801 0.05322796 0.06689226]
Target orientation (quat): [ 0.9509088  -0.12687033 -0.23568765 -0.15533094]
Target tilt angle from normal: 25.21 deg
Stiffness (Kp_pos diag): [40.433605, 204.54944, 282.86514]
Stiffness (Kp_ori): [1.0605716, 9.709879, 2.0037098]
--------------------------
[INFO] [1789072805.785425370] [rl_env_node]: 
--- ACTION DIAGNOSTICS ---
Raw delta pos: [ 0.86595356 -0.90343875  0.98021686]
Safe target pos: [0.5427242  0.05656665 0.05889226]
Target orientation (quat): [ 0.95114483 -0.12267064 -0.23516264 -0.1580315 ]
Target tilt angle from normal: 25.21 deg
Stiffness (Kp_pos diag): [33.70826, 239.97743, 277.40002]
Stiffness (Kp_ori): [1.0574546, 9.762034, 2.0708246]
--------------------------
[INFO] [1789072805.824825274] [rl_env_node]: 
--- ACTION DIAGNOSTICS ---
Raw delta pos: [ 0.7733834  -0.88083893  0.98468614]
Safe target pos: [0.55442724 0.05921977 0.05089226]
Target orientation (quat): [ 0.95195049 -0.11784197 -0.2328829  -0.16021576]
Target tilt angle from normal: 25.21 deg
Stiffness (Kp_pos diag): [36.84311, 254.49734, 271.82886]
Stiffness (Kp_ori): [1.0664904, 9.796224, 1.8907955]
--------------------------
[INFO] [1789072805.880143149] [rl_env_node]: 
--- ACTION DIAGNOSTICS ---
Raw delta pos: [ 0.65901494 -0.89141536  0.98513746]
Safe target pos: [0.56629947 0.06096623 0.04289226]
Target orientation (quat): [ 0.9534772  -0.11197654 -0.22838942 -0.1618047 ]
Target tilt angle from normal: 25.21 deg
Stiffness (Kp_pos diag): [39.7418, 266.19595, 259.57748]
Stiffness (Kp_ori): [1.0788301, 9.765025, 2.045293]
--------------------------
[INFO] [1789072805.924117003] [rl_env_node]: 
--- ACTION DIAGNOSTICS ---
Raw delta pos: [ 0.43780375 -0.89190394  0.9846574 ]
Safe target pos: [0.57829108 0.06141481 0.03489226]
Target orientation (quat): [ 0.95534568 -0.10516584 -0.22285441 -0.16306653]
Target tilt angle from normal: 25.21 deg
Stiffness (Kp_pos diag): [40.026653, 273.60263, 239.67139]
Stiffness (Kp_ori): [1.0963535, 9.72947, 1.9582026]
--------------------------
[INFO] [1789072805.972271430] [rl_env_node]: 
================================================================ OBS SNAPSHOT ================================================================
  [00:06]  joint_pos      = [+0.0189  +0.3358  +0.0093  -2.3142  -0.0231  +2.3355  +0.8388]
  [07:13]  cos(jnt_pos)   = [+0.9998  +0.9441  +1.0000  -0.6768  +0.9997  -0.6924  +0.6684]
  [14:20]  sin(jnt_pos)   = [+0.0189  +0.3295  +0.0093  -0.7362  -0.0231  +0.7216  +0.7438]
  [21:27]  joint_vel      = [+0.0476  +0.5814  +0.1883  +0.5676  +0.0362  -0.0011  +0.1602]
  [28:34]  joint_acc      = [-0.0029  +0.9853  -0.0326  +0.8753  -0.0433  -0.0373  -0.2309]
  [35:37]  eef_pos(TCP)   = [+0.4713  +0.0151  +0.1159]  (eraser tip)
  [38:41]  eef_quat       = [+0.9876  -0.0024  -0.1564  +0.0115]  (flange xyzw)
  [42:45]  eef_quat_site  = [+0.7051  -0.1970  -0.1145  -0.6715]  (grip-site xyzw)
  [46]     contact        = 1  (|Fz_net|>2N, net=19.40N, raw=-18.79N, tare=0.62N)
  [47:81]  markers (active=2):
    M0 (WIPED  )  pos=[+0.4525  -0.1144  +0.1262]  g2m=[-0.0188  -0.1295  +0.0102]
    M1 (WIPED  )  pos=[+0.4669  -0.0452  +0.1154]  g2m=[-0.0045  -0.0604  -0.0005]
    M2 (active )  pos=[+0.5104  +0.0106  +0.0835]  g2m=[+0.0391  -0.0045  -0.0325]
    M3 (pending)  pos=[+0.5577  +0.0623  +0.0487]  g2m=[+0.0864  +0.0471  -0.0673]
    M4 (pending)  pos=[+0.5816  +0.1400  +0.0309]  g2m=[+0.1103  +0.1249  -0.0850]
  [82:84]  g2active_wp    = [+0.0391  -0.0045  -0.0325]
  ICRA FORCE METRICS      : Fz_mean= 6.65N  Fz_peak=19.15N  Fz_violations(>10N)=23 (18.7%)
  obs_dim  = 85
=============================================================================================================================================
[INFO] [1789072805.974201286] [rl_env_node]: 
--- ACTION DIAGNOSTICS ---
Raw delta pos: [ 0.19634902 -0.8817621   0.9863157 ]
Safe target pos: [0.59021129 0.06003325 0.02689226]
Target orientation (quat): [ 0.95761231 -0.09468444 -0.21620854 -0.1651284 ]
Target tilt angle from normal: 25.21 deg
Stiffness (Kp_pos diag): [38.48367, 284.99786, 196.4548]
Stiffness (Kp_ori): [1.1407344, 9.753312, 1.7084041]
--------------------------
[INFO] [1789072806.024372863] [rl_env_node]: 
--- ACTION DIAGNOSTICS ---
Raw delta pos: [ 0.01644588 -0.8887534   0.98667264]
Safe target pos: [0.60158128 0.05619617 0.01889226]
Target orientation (quat): [ 0.95988326 -0.08243279 -0.20958103 -0.16704716]
Target tilt angle from normal: 25.21 deg
Stiffness (Kp_pos diag): [41.882908, 281.1054, 173.52254]
Stiffness (Kp_ori): [1.2105397, 9.592535, 1.7093031]
--------------------------
[INFO] [1789072806.074860920] [rl_env_node]: 
--- ACTION DIAGNOSTICS ---
Raw delta pos: [-0.22006702 -0.8759927   0.9831438 ]
Safe target pos: [0.61132684 0.04919444 0.01089226]
Target orientation (quat): [ 0.96244751 -0.06428972 -0.2021942  -0.16934913]
Target tilt angle from normal: 25.21 deg
Stiffness (Kp_pos diag): [47.79343, 288.80896, 132.7666]
Stiffness (Kp_ori): [1.246383, 9.654379, 1.4558897]
--------------------------
[INFO] [1789072806.124779095] [rl_env_node]: 
--- ACTION DIAGNOSTICS ---
Raw delta pos: [-0.28815138 -0.80882335  0.97954583]
Safe target pos: [0.61768176 0.0390153  0.00289226]
Target orientation (quat): [ 0.96554971 -0.04386804 -0.19309095 -0.16883496]
Target tilt angle from normal: 25.21 deg
Stiffness (Kp_pos diag): [32.8647, 276.83176, 122.99765]
Stiffness (Kp_ori): [1.3116045, 9.622218, 1.4384841]
--------------------------
[INFO] [1789072806.174854409] [rl_env_node]: 
--- ACTION DIAGNOSTICS ---
Raw delta pos: [-0.5270638  -0.82232994  0.97780883]
Safe target pos: [ 0.61899375  0.02708724 -0.00510774]
Target orientation (quat): [ 0.9696438  -0.02243449 -0.1807559  -0.1631407 ]
Target tilt angle from normal: 25.21 deg
Stiffness (Kp_pos diag): [32.300766, 275.53702, 92.5317]
Stiffness (Kp_ori): [1.2489141, 9.722717, 1.360851]
--------------------------
[INFO] [1789072806.224934025] [rl_env_node]: 
--- ACTION DIAGNOSTICS ---
Raw delta pos: [-0.7484361  -0.830198    0.96545243]
Safe target pos: [ 0.61532482  0.01566187 -0.01310774]
Target orientation (quat): [ 0.97496746 -0.00265721 -0.16430271 -0.14978658]
Target tilt angle from normal: 25.21 deg
Stiffness (Kp_pos diag): [24.269411, 258.2338, 63.665775]
Stiffness (Kp_ori): [1.1073914, 9.878794, 1.2640032]
--------------------------
[INFO] [1789072806.274277060] [rl_env_node]: 
--- ACTION DIAGNOSTICS ---
Raw delta pos: [-0.82138336 -0.86192334  0.9690622 ]
Safe target pos: [ 0.6079582   0.00618913 -0.01162571]
Target orientation (quat): [ 0.98015385  0.01673231 -0.14803213 -0.13078587]
Target tilt angle from normal: 25.21 deg
Stiffness (Kp_pos diag): [23.482035, 247.9109, 46.91489]
Stiffness (Kp_ori): [1.0812733, 9.910253, 1.237545]
--------------------------
[INFO] [1789072806.324347211] [rl_env_node]: 
--- ACTION DIAGNOSTICS ---
Raw delta pos: [-0.88043696 -0.88532203  0.9667009 ]
Safe target pos: [ 0.59836819 -0.00102418 -0.00465378]
Target orientation (quat): [ 0.98432187  0.03537241 -0.13472317 -0.10820771]
Target tilt angle from normal: 25.21 deg
Stiffness (Kp_pos diag): [24.683374, 205.10805, 33.302616]
Stiffness (Kp_ori): [1.038807, 9.90992, 1.2961009]
--------------------------
[INFO] [1789072806.374291029] [rl_env_node]: 
--- ACTION DIAGNOSTICS ---
Raw delta pos: [-0.9105424  -0.91258675  0.95638704]
Safe target pos: [ 0.58751441 -0.00614233  0.00323692]
Target orientation (quat): [ 0.98724059  0.05237198 -0.12512077 -0.08341459]
Target tilt angle from normal: 25.21 deg
Stiffness (Kp_pos diag): [22.2476, 178.49234, 35.576874]
Stiffness (Kp_ori): [1.030622, 9.911093, 1.2605374]
--------------------------
[INFO] [1789072806.424198698] [rl_env_node]: 
--- ACTION DIAGNOSTICS ---
Raw delta pos: [-0.9302416 -0.9212076  0.9403429]
Safe target pos: [ 0.57599014 -0.00948764  0.01161507]
Target orientation (quat): [ 0.98887855  0.06709492 -0.11937401 -0.05802873]
Target tilt angle from normal: 25.21 deg
Stiffness (Kp_pos diag): [20.101982, 149.1399, 34.944084]
Stiffness (Kp_ori): [1.0186328, 9.913885, 1.2286092]
--------------------------
[INFO] [1789072806.472572577] [rl_env_node]: 
================================================================ OBS SNAPSHOT ================================================================
  [00:06]  joint_pos      = [+0.0101  +0.6676  +0.0285  -1.9511  -0.0276  +2.3355  +0.8513]
  [07:13]  cos(jnt_pos)   = [+0.9999  +0.7853  +0.9996  -0.3712  +0.9996  -0.6923  +0.6590]
  [14:20]  sin(jnt_pos)   = [+0.0101  +0.6191  +0.0285  -0.9286  -0.0276  +0.7216  +0.7521]
  [21:27]  joint_vel      = [-0.0639  +0.4870  -0.1099  +0.6197  -0.0167  +0.0020  -0.0516]
  [28:34]  joint_acc      = [+0.0952  -1.3937  -0.2329  -0.8335  +0.0957  +0.1561  +0.0249]
  [35:37]  eef_pos(TCP)   = [+0.5644  +0.0191  +0.0516]  (eraser tip)
  [38:41]  eef_quat       = [+0.9902  -0.0056  -0.1397  +0.0071]  (flange xyzw)
  [42:45]  eef_quat_site  = [+0.7037  -0.1877  -0.1009  -0.6778]  (grip-site xyzw)
  [46]     contact        = 1  (|Fz_net|>2N, net=10.48N, raw=-9.87N, tare=0.62N)
  [47:81]  markers (active=2):
    M0 (WIPED  )  pos=[+0.4525  -0.1144  +0.1262]  g2m=[-0.1120  -0.1335  +0.0746]
    M1 (WIPED  )  pos=[+0.4669  -0.0452  +0.1154]  g2m=[-0.0976  -0.0643  +0.0639]
    M2 (active )  pos=[+0.5104  +0.0106  +0.0835]  g2m=[-0.0540  -0.0085  +0.0319]
    M3 (pending)  pos=[+0.5577  +0.0623  +0.0487]  g2m=[-0.0067  +0.0431  -0.0029]
    M4 (pending)  pos=[+0.5816  +0.1400  +0.0309]  g2m=[+0.0172  +0.1209  -0.0206]
  [82:84]  g2active_wp    = [-0.0540  -0.0085  +0.0319]
  ICRA FORCE METRICS      : Fz_mean= 7.46N  Fz_peak=20.02N  Fz_violations(>10N)=33 (24.8%)
  obs_dim  = 85
=============================================================================================================================================
[INFO] [1789072806.477096004] [rl_env_node]: 
--- ACTION DIAGNOSTICS ---
Raw delta pos: [-0.92584    -0.9398752   0.92034435]
Safe target pos: [ 0.56413551 -0.01134986  0.02023338]
Target orientation (quat): [ 0.98944719  0.0792537  -0.11684875 -0.03254972]
Target tilt angle from normal: 25.21 deg
Stiffness (Kp_pos diag): [16.125423, 130.46321, 42.789833]
Stiffness (Kp_ori): [1.0161364, 9.917856, 1.2634268]
--------------------------
[INFO] [1789072806.524748850] [rl_env_node]: 
--- ACTION DIAGNOSTICS ---
Raw delta pos: [-0.921641   -0.9389714   0.90985155]
Safe target pos: [ 0.55215247 -0.01198765  0.02894505]
Target orientation (quat): [ 0.98910202  0.08878509 -0.11713333 -0.0086128 ]
Target tilt angle from normal: 25.21 deg
Stiffness (Kp_pos diag): [17.20602, 124.3583, 77.39032]
Stiffness (Kp_ori): [1.0126812, 9.909372, 1.2438447]
--------------------------
[INFO] [1789072806.574428355] [rl_env_node]: 
--- ACTION DIAGNOSTICS ---
Raw delta pos: [-0.9331062 -0.9455783  0.907042 ]
Safe target pos: [ 0.54015634 -0.01168298  0.03766624]
Target orientation (quat): [ 0.98809728  0.09592567 -0.11944616  0.01395137]
Target tilt angle from normal: 25.21 deg
Stiffness (Kp_pos diag): [13.815943, 108.88699, 56.18727]
Stiffness (Kp_ori): [1.0086681, 9.942452, 1.2460049]
--------------------------
[INFO] [1789072806.624362906] [rl_env_node]: 
--- ACTION DIAGNOSTICS ---
Raw delta pos: [-0.9333242  -0.9587882   0.90435934]
Safe target pos: [ 0.52819658 -0.01070113  0.04636099]
Target orientation (quat): [ 0.98664118  0.10093024 -0.12318814  0.03430684]
Target tilt angle from normal: 25.21 deg
Stiffness (Kp_pos diag): [17.97431, 121.24948, 78.02197]
Stiffness (Kp_ori): [1.0055592, 9.932517, 1.2543104]
--------------------------
[INFO] [1789072806.681081565] [rl_env_node]: 
--- ACTION DIAGNOSTICS ---
Raw delta pos: [-0.93282187 -0.9531514   0.8970413 ]
Safe target pos: [ 0.5162835  -0.00925938  0.05502179]
Target orientation (quat): [ 0.98489596  0.10422268 -0.127864    0.05261534]
Target tilt angle from normal: 25.21 deg
Stiffness (Kp_pos diag): [13.441578, 94.411354, 86.518074]
Stiffness (Kp_ori): [1.005646, 9.941942, 1.2540827]
--------------------------
[INFO] [1789072806.724784107] [rl_env_node]: 
--- ACTION DIAGNOSTICS ---
Raw delta pos: [-0.9185736  -0.9623896   0.91528463]
Safe target pos: [ 0.50440433 -0.00756079  0.06365795]
Target orientation (quat): [ 0.98303844  0.10601149 -0.13294203  0.068727  ]
Target tilt angle from normal: 25.21 deg
Stiffness (Kp_pos diag): [16.080183, 109.30666, 111.60072]
Stiffness (Kp_ori): [1.0052434, 9.930509, 1.2706652]
--------------------------
[INFO] [1789072806.781627992] [rl_env_node]: 
--- ACTION DIAGNOSTICS ---
Raw delta pos: [-0.9151532 -0.9547592  0.9235214]
Safe target pos: [ 0.49253931 -0.00576596  0.07228382]
Target orientation (quat): [ 0.98113961  0.10675892 -0.13820509  0.08286703]
Target tilt angle from normal: 25.21 deg
Stiffness (Kp_pos diag): [15.954041, 88.4552, 89.125145]
Stiffness (Kp_ori): [1.0075231, 9.933904, 1.2526152]
--------------------------
[INFO] [1789072806.829099974] [rl_env_node]: 
--- ACTION DIAGNOSTICS ---
Raw delta pos: [-0.91379666 -0.95557547  0.92429996]
Safe target pos: [ 0.48067467 -0.00396864  0.08090941]
Target orientation (quat): [ 0.97931054  0.10658101 -0.14331033  0.09514989]
Target tilt angle from normal: 25.21 deg
Stiffness (Kp_pos diag): [15.804551, 88.91766, 87.000465]
Stiffness (Kp_ori): [1.0075217, 9.934754, 1.2638116]
--------------------------
[INFO] [1789072806.879100340] [rl_env_node]: 
--- ACTION DIAGNOSTICS ---
Raw delta pos: [-0.91752356 -0.95314866  0.9243399 ]
Safe target pos: [ 0.46880996 -0.00217184  0.08953506]
Target orientation (quat): [ 0.97758199  0.10580167 -0.14816232  0.10577046]
Target tilt angle from normal: 25.21 deg
Stiffness (Kp_pos diag): [15.346709, 85.29599, 86.34009]
Stiffness (Kp_ori): [1.0069098, 9.935163, 1.2577246]
--------------------------
[INFO] [1789072806.926335415] [rl_env_node]: 
--- ACTION DIAGNOSTICS ---
Raw delta pos: [-0.9191023 -0.9526247  0.9254643]
Safe target pos: [ 4.56945105e-01 -3.75929171e-04  9.81608084e-02]
Target orientation (quat): [ 0.97598354  0.10458123 -0.15266489  0.11494488]
Target tilt angle from normal: 25.21 deg
Stiffness (Kp_pos diag): [15.123099, 85.30643, 83.598434]
Stiffness (Kp_ori): [1.0063965, 9.934427, 1.2524195]
--------------------------
[INFO] [1789072806.972688135] [rl_env_node]: 
================================================================ OBS SNAPSHOT ================================================================
  [00:06]  joint_pos      = [+0.0002  +0.7287  +0.0027  -1.8752  -0.0281  +2.3344  +0.8382]
  [07:13]  cos(jnt_pos)   = [+1.0000  +0.7460  +1.0000  -0.2997  +0.9996  -0.6915  +0.6688]
  [14:20]  sin(jnt_pos)   = [+0.0002  +0.6659  +0.0027  -0.9540  -0.0281  +0.7223  +0.7435]
  [21:27]  joint_vel      = [-0.0006  -0.0046  +0.0013  -0.0015  +0.0005  -0.0240  +0.0017]
  [28:34]  joint_acc      = [-0.0037  -0.0286  +0.0197  -0.0201  -0.0029  -0.2174  +0.0121]
  [35:37]  eef_pos(TCP)   = [+0.5798  +0.0001  +0.0419]  (eraser tip)
  [38:41]  eef_quat       = [+0.9908  -0.0140  -0.1343  +0.0116]  (flange xyzw)
  [42:45]  eef_quat_site  = [+0.7066  -0.1899  -0.0908  -0.6756]  (grip-site xyzw)
  [46]     contact        = 0  (|Fz_net|>2N, net=1.72N, raw=-1.10N, tare=0.62N)
  [47:81]  markers (active=2):
    M0 (WIPED  )  pos=[+0.4525  -0.1144  +0.1262]  g2m=[-0.1273  -0.1145  +0.0843]
    M1 (WIPED  )  pos=[+0.4669  -0.0452  +0.1154]  g2m=[-0.1129  -0.0453  +0.0735]
    M2 (active )  pos=[+0.5104  +0.0106  +0.0835]  g2m=[-0.0694  +0.0105  +0.0415]
    M3 (pending)  pos=[+0.5577  +0.0623  +0.0487]  g2m=[-0.0221  +0.0621  +0.0067]
    M4 (pending)  pos=[+0.5816  +0.1400  +0.0309]  g2m=[+0.0018  +0.1399  -0.0110]
  [82:84]  g2active_wp    = [-0.0694  +0.0105  +0.0415]
  ICRA FORCE METRICS      : Fz_mean= 7.39N  Fz_peak=20.02N  Fz_violations(>10N)=35 (24.5%)
  obs_dim  = 85
=============================================================================================================================================
[INFO] [1789072806.975160236] [rl_env_node]: 
--- ACTION DIAGNOSTICS ---
Raw delta pos: [-0.16055393 -0.82456636  0.90876126]
Safe target pos: [0.44508026 0.00142004 0.10678655]
Target orientation (quat): [ 0.97448791  0.10361751 -0.15692262  0.12252357]
Target tilt angle from normal: 25.21 deg
Stiffness (Kp_pos diag): [95.90837, 81.83972, 210.20445]
Stiffness (Kp_ori): [1.0100255, 9.973548, 2.934073]
--------------------------
[INFO] [1789072807.029112767] [rl_env_node]: 
--- ACTION DIAGNOSTICS ---
Raw delta pos: [-0.17888391 -0.8026251   0.90736616]
Safe target pos: [0.43321585 0.00321887 0.11541197]
Target orientation (quat): [ 0.97312433  0.1025646  -0.16081738  0.12902449]
Target tilt angle from normal: 25.21 deg
Stiffness (Kp_pos diag): [85.50069, 88.401306, 219.23268]
Stiffness (Kp_ori): [1.0101892, 9.973614, 2.8549247]
--------------------------
[INFO] [1789072807.074795391] [rl_env_node]: 
--- ACTION DIAGNOSTICS ---
Raw delta pos: [-0.18740892 -0.780548    0.9101584 ]
Safe target pos: [0.42135207 0.00502186 0.12403694]
Target orientation (quat): [ 0.97188762  0.10137231 -0.16435342  0.13470731]
Target tilt angle from normal: 25.21 deg
Stiffness (Kp_pos diag): [85.6129, 87.77121, 221.8356]
Stiffness (Kp_ori): [1.0101688, 9.973663, 3.0045545]
--------------------------
[INFO] [1789072807.125024274] [rl_env_node]: 
--- ACTION DIAGNOSTICS ---
Raw delta pos: [-0.24622399 -0.73473626  0.9117191 ]
Safe target pos: [0.40948912 0.00683025 0.13266131]
Target orientation (quat): [ 0.97079362  0.10012688 -0.16748355  0.13958374]
Target tilt angle from normal: 25.21 deg
Stiffness (Kp_pos diag): [80.724464, 91.59432, 234.25485]
Stiffness (Kp_ori): [1.0104048, 9.972725, 3.1760554]
--------------------------
[INFO] [1789072807.174535075] [rl_env_node]: 
--- ACTION DIAGNOSTICS ---
Raw delta pos: [-0.17566848 -0.7239745   0.90568244]
Safe target pos: [0.39762506 0.00863137 0.14128648]
Target orientation (quat): [ 0.96977682  0.09884693 -0.17039614  0.14396998]
Target tilt angle from normal: 25.21 deg
Stiffness (Kp_pos diag): [91.995026, 90.74329, 235.23587]
Stiffness (Kp_ori): [1.0105016, 9.970397, 3.3055818]
--------------------------
[INFO] [1789072807.224353030] [rl_env_node]: 
--- ACTION DIAGNOSTICS ---
Raw delta pos: [-0.23107117 -0.6374448   0.90802574]
Safe target pos: [0.38575847 0.01041581 0.14991349]
Target orientation (quat): [ 0.96881711  0.09787706 -0.1731653   0.14774051]
Target tilt angle from normal: 25.21 deg
Stiffness (Kp_pos diag): [79.24123, 103.66464, 247.80336]
Stiffness (Kp_ori): [1.010407, 9.9738865, 3.0109708]
--------------------------
[INFO] [1789072807.274939851] [rl_env_node]: 
--- ACTION DIAGNOSTICS ---
Raw delta pos: [-0.14990056 -0.6252519   0.9032018 ]
Safe target pos: [0.37388634 0.01216291 0.15854453]
Target orientation (quat): [ 0.96790299  0.09686926 -0.17580501  0.15123739]
Target tilt angle from normal: 25.21 deg
Stiffness (Kp_pos diag): [94.41486, 102.78568, 251.74127]
Stiffness (Kp_ori): [1.0107039, 9.969315, 3.3628957]
--------------------------
[INFO] [1789072807.324877568] [rl_env_node]: 
--- ACTION DIAGNOSTICS ---
Raw delta pos: [-0.14847308 -0.5933504   0.9044032 ]
Safe target pos: [0.36200567 0.01385104 0.16718178]
Target orientation (quat): [ 0.96706168  0.09592318 -0.1782387   0.15434188]
Target tilt angle from normal: 25.21 deg
Stiffness (Kp_pos diag): [97.95253, 108.527374, 261.9772]
Stiffness (Kp_ori): [1.0111861, 9.969722, 3.2813873]
--------------------------
[INFO] [1789072807.374295890] [rl_env_node]: 
--- ACTION DIAGNOSTICS ---
Raw delta pos: [-0.11226815 -0.58200467  0.88845587]
Safe target pos: [0.35011388 0.01545892 0.17582711]
Target orientation (quat): [ 0.96621138  0.09508406 -0.18070877  0.15728618]
Target tilt angle from normal: 25.21 deg
Stiffness (Kp_pos diag): [99.04985, 131.81119, 274.56198]
Stiffness (Kp_ori): [1.0123837, 9.971844, 3.0297878]
--------------------------
[INFO] [1789072807.427059836] [rl_env_node]: 
--- ACTION DIAGNOSTICS ---
Raw delta pos: [-0.12637365 -0.5067741   0.8847277 ]
Safe target pos: [0.35       0.01696712 0.18448193]
Target orientation (quat): [ 0.96573507  0.09336631 -0.18203516  0.15969256]
Target tilt angle from normal: 25.21 deg
Stiffness (Kp_pos diag): [107.20638, 158.58728, 285.5004]
Stiffness (Kp_ori): [1.0157237, 9.973151, 2.6694102]
--------------------------
[INFO] [1789072807.473785444] [rl_env_node]: 
================================================================ OBS SNAPSHOT ================================================================
  [00:06]  joint_pos      = [+0.0099  +0.6346  +0.0031  -1.9422  -0.0281  +2.2326  +0.8382]
  [07:13]  cos(jnt_pos)   = [+1.0000  +0.8053  +1.0000  -0.3629  +0.9996  -0.6145  +0.6688]
  [14:20]  sin(jnt_pos)   = [+0.0099  +0.5929  +0.0031  -0.9318  -0.0281  +0.7889  +0.7435]
  [21:27]  joint_vel      = [+0.0474  -0.5096  +0.0013  -0.3812  -0.0012  -0.3787  +0.0025]
  [28:34]  joint_acc      = [+0.0436  -0.7872  -0.0017  -1.0257  +0.0100  -0.4196  +0.0581]
  [35:37]  eef_pos(TCP)   = [+0.5528  +0.0057  +0.0755]  (eraser tip)
  [38:41]  eef_quat       = [+0.9847  -0.0088  -0.1736  +0.0144]  (flange xyzw)
  [42:45]  eef_quat_site  = [+0.7044  -0.2134  -0.1219  -0.6659]  (grip-site xyzw)
  [46]     contact        = 0  (|Fz_net|>2N, net=0.04N, raw=0.58N, tare=0.62N)
  [47:81]  markers (active=2):
    M0 (WIPED  )  pos=[+0.4525  -0.1144  +0.1262]  g2m=[-0.1003  -0.1201  +0.0506]
    M1 (WIPED  )  pos=[+0.4669  -0.0452  +0.1154]  g2m=[-0.0859  -0.0510  +0.0399]
    M2 (active )  pos=[+0.5104  +0.0106  +0.0835]  g2m=[-0.0424  +0.0049  +0.0079]
    M3 (pending)  pos=[+0.5577  +0.0623  +0.0487]  g2m=[+0.0049  +0.0565  -0.0269]
    M4 (pending)  pos=[+0.5816  +0.1400  +0.0309]  g2m=[+0.0288  +0.1343  -0.0446]
  [82:84]  g2active_wp    = [-0.0424  +0.0049  +0.0079]
  ICRA FORCE METRICS      : Fz_mean= 7.39N  Fz_peak=20.02N  Fz_violations(>10N)=35 (24.5%)
  obs_dim  = 85
=============================================================================================================================================
[INFO] [1789072807.475861767] [rl_env_node]: 
--- ACTION DIAGNOSTICS ---
Raw delta pos: [ 0.07349432 -0.55041134  0.89389634]
Safe target pos: [0.35       0.01834142 0.1845765 ]
Target orientation (quat): [ 0.9653889   0.09007698 -0.18290665  0.16265165]
Target tilt angle from normal: 25.21 deg
Stiffness (Kp_pos diag): [123.471924, 166.4437, 288.89716]
Stiffness (Kp_ori): [1.0185483, 9.978838, 2.5171719]
--------------------------
[INFO] [1789072807.524090017] [rl_env_node]: 
--- ACTION DIAGNOSTICS ---
Raw delta pos: [ 0.0770638  -0.64320517  0.8586428 ]
Safe target pos: [0.35       0.01954077 0.18459022]
Target orientation (quat): [ 0.96713152  0.07999405 -0.17730333  0.16377151]
Target tilt angle from normal: 25.21 deg
Stiffness (Kp_pos diag): [107.43743, 224.50209, 292.33508]
Stiffness (Kp_ori): [1.027427, 9.977992, 2.526951]
--------------------------
[INFO] [1789072807.574227481] [rl_env_node]: 
--- ACTION DIAGNOSTICS ---
Raw delta pos: [ 0.25273108 -0.68378067  0.868875  ]
Safe target pos: [0.35       0.02047894 0.1846072 ]
Target orientation (quat): [ 0.97033905  0.06714503 -0.16730457  0.16106785]
Target tilt angle from normal: 25.21 deg
Stiffness (Kp_pos diag): [109.46767, 228.09972, 289.89557]
Stiffness (Kp_ori): [1.0223615, 9.9784565, 2.74289]
--------------------------
[INFO] [1789072807.624466451] [rl_env_node]: 
--- ACTION DIAGNOSTICS ---
Raw delta pos: [ 0.22969937 -0.70223093  0.92467   ]
Safe target pos: [0.35       0.02094169 0.18462741]
Target orientation (quat): [ 0.97555626  0.05192282 -0.15493892  0.1469283 ]
Target tilt angle from normal: 24.65 deg
Stiffness (Kp_pos diag): [121.37162, 250.86465, 292.22577]
Stiffness (Kp_ori): [1.0268054, 9.976965, 2.709352]
--------------------------
[INFO] [1789072807.674017588] [rl_env_node]: 
--- ACTION DIAGNOSTICS ---
Raw delta pos: [ 0.33275175 -0.72010136  0.9390203 ]
Safe target pos: [0.35       0.0203119  0.18387664]
Target orientation (quat): [ 0.98097815  0.03503311 -0.14183731  0.12781523]
Target tilt angle from normal: 24.13 deg
Stiffness (Kp_pos diag): [114.53419, 249.0592, 290.02423]
Stiffness (Kp_ori): [1.0314293, 9.968607, 3.1030388]
--------------------------
[INFO] [1789072807.724194220] [rl_env_node]: 
--- ACTION DIAGNOSTICS ---
Raw delta pos: [ 0.41366923 -0.7639371   0.9569546 ]
Safe target pos: [0.35       0.01695134 0.17987664]
Target orientation (quat): [ 0.98578714  0.01739441 -0.12861884  0.10666934]
Target tilt angle from normal: 23.95 deg
Stiffness (Kp_pos diag): [115.87733, 252.73589, 289.93112]
Stiffness (Kp_ori): [1.0339935, 9.957291, 3.9027114]
--------------------------
[INFO] [1789072807.774263919] [rl_env_node]: 
--- ACTION DIAGNOSTICS ---
Raw delta pos: [ 0.5747194  -0.79524577  0.9702511 ]
Safe target pos: [0.35966586 0.01439297 0.17587664]
Target orientation (quat): [ 9.89480245e-01 -4.47198111e-04 -1.16942862e-01  8.51646204e-02]
Target tilt angle from normal: 24.10 deg
Stiffness (Kp_pos diag): [108.04553, 234.98372, 290.16473]
Stiffness (Kp_ori): [1.0291498, 9.964526, 3.9158375]
--------------------------
[INFO] [1789072807.822239915] [rl_env_node]: [WAYPOINT SWITCH] Active marker M2 -> M3! Smoothly continuing surface wipe.
[INFO] [1789072807.825125842] [rl_env_node]: 
--- ACTION DIAGNOSTICS ---
Raw delta pos: [ 0.9929824  -0.88416654  0.9071393 ]
Safe target pos: [0.36942467 0.02137621 0.17187664]
Target orientation (quat): [ 0.98947918 -0.01696064 -0.12911901  0.06302044]
Target tilt angle from normal: 22.03 deg
Stiffness (Kp_pos diag): [120.38964, 69.08059, 299.5241]
Stiffness (Kp_ori): [1.4645069, 7.36478, 8.641358]
--------------------------
[INFO] [1789072807.874434864] [rl_env_node]: 
--- ACTION DIAGNOSTICS ---
Raw delta pos: [ 0.99467945 -0.86280984  0.8867688 ]
Safe target pos: [0.37965423 0.02764965 0.16787664]
Target orientation (quat): [ 0.98835866 -0.03335991 -0.1427106   0.04084063]
Target tilt angle from normal: 20.17 deg
Stiffness (Kp_pos diag): [130.4336, 43.96392, 299.50305]
Stiffness (Kp_ori): [1.4267532, 6.714489, 8.819086]
--------------------------
[INFO] [1789072807.924114935] [rl_env_node]: 
--- ACTION DIAGNOSTICS ---
Raw delta pos: [ 0.9955256 -0.8506996  0.8969183]
Safe target pos: [0.39022224 0.03333447 0.16387664]
Target orientation (quat): [ 0.98620645 -0.04969837 -0.1567782   0.01864147]
Target tilt angle from normal: 18.72 deg
Stiffness (Kp_pos diag): [137.68721, 32.648735, 299.48825]
Stiffness (Kp_ori): [1.4097654, 6.573058, 8.902287]
--------------------------
[INFO] [1789072807.974968266] [rl_env_node]: 
--- ACTION DIAGNOSTICS ---
Raw delta pos: [ 0.99620414 -0.84242845  0.8916235 ]
Safe target pos: [0.40104371 0.03852059 0.15987664]
Target orientation (quat): [ 0.98301535 -0.06597542 -0.17121759 -0.00354986]
Target tilt angle from normal: 17.80 deg
Stiffness (Kp_pos diag): [137.68161, 26.76962, 299.51822]
Stiffness (Kp_ori): [1.3959209, 6.344235, 8.934969]
--------------------------
[INFO] [1789072808.022866583] [rl_env_node]: 
================================================================ OBS SNAPSHOT ================================================================
  [00:06]  joint_pos      = [+0.0262  +0.2486  +0.0069  -2.3346  -0.0265  +2.1712  +0.8419]
  [07:13]  cos(jnt_pos)   = [+0.9997  +0.9693  +1.0000  -0.6917  +0.9996  -0.5649  +0.6660]
  [14:20]  sin(jnt_pos)   = [+0.0262  +0.2460  +0.0069  -0.7222  -0.0265  +0.8251  +0.7459]
  [21:27]  joint_vel      = [+0.0001  -0.4358  +0.0133  -0.6955  +0.0194  +0.2282  +0.0443]
  [28:34]  joint_acc      = [-0.0195  +2.8420  +0.1166  +1.6049  -0.0308  +1.1989  +0.3813]
  [35:37]  eef_pos(TCP)   = [+0.4435  +0.0126  +0.1487]  (eraser tip)
  [38:41]  eef_quat       = [+0.9788  -0.0019  -0.2041  +0.0175]  (flange xyzw)
  [42:45]  eef_quat_site  = [+0.7028  -0.2294  -0.1480  -0.6569]  (grip-site xyzw)
  [46]     contact        = 0  (|Fz_net|>2N, net=0.65N, raw=1.26N, tare=0.62N)
  [47:81]  markers (active=3):
    M0 (WIPED  )  pos=[+0.4525  -0.1144  +0.1262]  g2m=[+0.0090  -0.1270  -0.0226]
    M1 (WIPED  )  pos=[+0.4669  -0.0452  +0.1154]  g2m=[+0.0233  -0.0579  -0.0333]
    M2 (WIPED  )  pos=[+0.5104  +0.0106  +0.0835]  g2m=[+0.0669  -0.0020  -0.0653]
    M3 (active )  pos=[+0.5577  +0.0623  +0.0487]  g2m=[+0.1142  +0.0496  -0.1001]
    M4 (pending)  pos=[+0.5816  +0.1400  +0.0309]  g2m=[+0.1381  +0.1274  -0.1178]
  [82:84]  g2active_wp    = [+0.1142  +0.0496  -0.1001]
  ICRA FORCE METRICS      : Fz_mean= 7.39N  Fz_peak=20.02N  Fz_violations(>10N)=35 (24.5%)
  obs_dim  = 85
=============================================================================================================================================
[INFO] [1789072808.025513806] [rl_env_node]: 
--- ACTION DIAGNOSTICS ---
Raw delta pos: [ 0.99671865 -0.8643298   0.92851305]
Safe target pos: [0.41204996 0.04330206 0.15587664]
Target orientation (quat): [ 0.97863229 -0.08218164 -0.18672694 -0.02565289]
Target tilt angle from normal: 17.45 deg
Stiffness (Kp_pos diag): [139.3431, 23.064657, 299.3972]
Stiffness (Kp_ori): [1.3781687, 6.924057, 8.874807]
--------------------------
[INFO] [1789072808.081032835] [rl_env_node]: 
--- ACTION DIAGNOSTICS ---
Raw delta pos: [ 0.9970584  -0.86823106  0.9187112 ]
Safe target pos: [0.42319518 0.04774999 0.15187664]
Target orientation (quat): [ 0.9732775  -0.09829181 -0.20196772 -0.04773532]
Target tilt angle from normal: 17.86 deg
Stiffness (Kp_pos diag): [127.20589, 19.196537, 299.36856]
Stiffness (Kp_ori): [1.3497936, 6.7059317, 8.927496]
--------------------------
[INFO] [1789072808.124800135] [rl_env_node]: 
--- ACTION DIAGNOSTICS ---
Raw delta pos: [ 0.9971715 -0.887744   0.9445472]
Safe target pos: [0.43443453 0.05195439 0.14387664]
Target orientation (quat): [ 0.96670007 -0.11433324 -0.21809936 -0.06965317]
Target tilt angle from normal: 18.88 deg
Stiffness (Kp_pos diag): [124.62368, 15.62865, 298.9837]
Stiffness (Kp_ori): [1.326548, 7.210905, 8.654784]
--------------------------
[INFO] [1789072808.185317578] [rl_env_node]: 
--- ACTION DIAGNOSTICS ---
Raw delta pos: [ 0.99763644 -0.8648589   0.9159069 ]
Safe target pos: [0.44568077 0.05614032 0.13587664]
Target orientation (quat): [ 0.95921695 -0.13021466 -0.23359423 -0.09154622]
Target tilt angle from normal: 20.54 deg
Stiffness (Kp_pos diag): [58.017883, 8.389351, 298.03607]
Stiffness (Kp_ori): [1.0755525, 4.615362, 9.08522]
--------------------------
[INFO] [1789072808.225313889] [rl_env_node]: 
--- ACTION DIAGNOSTICS ---
Raw delta pos: [ 0.99714994 -0.76273406  0.8947555 ]
Safe target pos: [0.45693432 0.06030658 0.12787664]
Target orientation (quat): [ 0.95003639 -0.14623066 -0.2515643  -0.11297281]
Target tilt angle from normal: 22.58 deg
Stiffness (Kp_pos diag): [120.73705, 9.952598, 298.48865]
Stiffness (Kp_ori): [1.0515918, 4.4528294, 8.592401]
--------------------------
[INFO] [1789072808.277249000] [rl_env_node]: 
--- ACTION DIAGNOSTICS ---
Raw delta pos: [ 0.99708605 -0.7582399   0.8769797 ]
Safe target pos: [0.4681876  0.06447355 0.11987664]
Target orientation (quat): [ 0.94002452 -0.16198836 -0.26842049 -0.13440284]
Target tilt angle from normal: 25.06 deg
Stiffness (Kp_pos diag): [101.626236, 12.094376, 299.02377]
Stiffness (Kp_ori): [1.0508306, 4.066429, 8.996896]
--------------------------
[INFO] [1789072808.329021380] [rl_env_node]: 
--- ACTION DIAGNOSTICS ---
Raw delta pos: [ 0.997331   -0.7622924   0.88075686]
Safe target pos: [0.47943909 0.06864535 0.11187664]
Target orientation (quat): [ 0.93343358 -0.16175579 -0.28792527 -0.14012799]
Target tilt angle from normal: 25.21 deg
Stiffness (Kp_pos diag): [101.46169, 12.366764, 299.09967]
Stiffness (Kp_ori): [1.0450193, 4.1585426, 9.021406]
--------------------------
[INFO] [1789072808.375430141] [rl_env_node]: 
--- ACTION DIAGNOSTICS ---
Raw delta pos: [ 0.9975705  -0.7562375   0.88586915]
Safe target pos: [0.49068205 0.07284011 0.10387664]
Target orientation (quat): [ 0.92775692 -0.15914005 -0.30552811 -0.14350651]
Target tilt angle from normal: 25.21 deg
Stiffness (Kp_pos diag): [101.69109, 13.099266, 299.1677]
Stiffness (Kp_ori): [1.0439346, 4.2877674, 9.032174]
--------------------------
[INFO] [1789072808.424563726] [rl_env_node]: 
--- ACTION DIAGNOSTICS ---
Raw delta pos: [ 0.9971502  -0.76074874  0.8759664 ]
Safe target pos: [0.50190898 0.07707755 0.09587664]
Target orientation (quat): [ 0.92267838 -0.15555414 -0.32127204 -0.14577995]
Target tilt angle from normal: 25.21 deg
Stiffness (Kp_pos diag): [87.745605, 13.745564, 299.1011]
Stiffness (Kp_ori): [1.0521795, 4.5774794, 8.988624]
--------------------------
[INFO] [1789072808.481131167] [rl_env_node]: 
--- ACTION DIAGNOSTICS ---
Raw delta pos: [ 0.99722886 -0.7758893   0.8815942 ]
Safe target pos: [0.5131141  0.08137235 0.08787664]
Target orientation (quat): [ 0.91823814 -0.15132277 -0.33504007 -0.14726946]
Target tilt angle from normal: 25.21 deg
Stiffness (Kp_pos diag): [85.755714, 14.588169, 299.07974]
Stiffness (Kp_ori): [1.0493076, 4.821704, 8.923418]
--------------------------
[INFO] [1789072808.529328073] [rl_env_node]: 
--- ACTION DIAGNOSTICS ---
Raw delta pos: [ 0.99667704 -0.7919867   0.89734864]
Safe target pos: [0.52429488 0.08573014 0.07987664]
Target orientation (quat): [ 0.91434839 -0.14673988 -0.34710313 -0.1481683 ]
Target tilt angle from normal: 25.21 deg
Stiffness (Kp_pos diag): [80.1417, 16.144127, 299.02197]
Stiffness (Kp_ori): [1.0544355, 5.4513326, 8.791778]
--------------------------
[INFO] [1789072808.572318554] [rl_env_node]: 
================================================================ OBS SNAPSHOT ================================================================
  [00:06]  joint_pos      = [+0.0262  +0.2545  +0.0088  -2.3656  -0.0163  +2.2118  +0.9419]
  [07:13]  cos(jnt_pos)   = [+0.9997  +0.9678  +1.0000  -0.7137  +0.9999  -0.5980  +0.5883]
  [14:20]  sin(jnt_pos)   = [+0.0262  +0.2517  +0.0088  -0.7005  -0.0163  +0.8015  +0.8087]
  [21:27]  joint_vel      = [+0.0011  +0.3204  +0.0040  +0.3268  +0.0005  -0.0024  +0.2024]
  [28:34]  joint_acc      = [+0.0059  +0.5445  +0.0293  +2.2241  -0.0570  -0.1337  -0.7896]
  [35:37]  eef_pos(TCP)   = [+0.4388  +0.0144  +0.1368]  (eraser tip)
  [38:41]  eef_quat       = [+0.9777  -0.0554  -0.2013  +0.0241]  (flange xyzw)
  [42:45]  eef_quat_site  = [+0.7020  -0.2651  -0.1079  -0.6521]  (grip-site xyzw)
  [46]     contact        = 1  (|Fz_net|>2N, net=17.22N, raw=-16.61N, tare=0.62N)
  [47:81]  markers (active=3):
    M0 (WIPED  )  pos=[+0.4525  -0.1144  +0.1262]  g2m=[+0.0136  -0.1288  -0.0106]
    M1 (WIPED  )  pos=[+0.4669  -0.0452  +0.1154]  g2m=[+0.0280  -0.0596  -0.0213]
    M2 (WIPED  )  pos=[+0.5104  +0.0106  +0.0835]  g2m=[+0.0715  -0.0038  -0.0533]
    M3 (active )  pos=[+0.5577  +0.0623  +0.0487]  g2m=[+0.1189  +0.0478  -0.0881]
    M4 (pending)  pos=[+0.5816  +0.1400  +0.0309]  g2m=[+0.1428  +0.1256  -0.1058]
  [82:84]  g2active_wp    = [+0.1189  +0.0478  -0.0881]
  ICRA FORCE METRICS      : Fz_mean= 7.56N  Fz_peak=20.02N  Fz_violations(>10N)=40 (26.5%)
  obs_dim  = 85
=============================================================================================================================================
[INFO] [1789072808.574189377] [rl_env_node]: 
--- ACTION DIAGNOSTICS ---
Raw delta pos: [ 0.9965162  -0.8361291   0.88541377]
Safe target pos: [0.53542751 0.09020947 0.07187664]
Target orientation (quat): [ 0.9110896  -0.14202262 -0.35722252 -0.1487864 ]
Target tilt angle from normal: 25.21 deg
Stiffness (Kp_pos diag): [54.09594, 16.814743, 298.65265]
Stiffness (Kp_ori): [1.0643569, 5.4623885, 8.759397]
--------------------------
[INFO] [1789072808.628361058] [rl_env_node]: 
--- ACTION DIAGNOSTICS ---
Raw delta pos: [ 0.995247   -0.85883456  0.90908384]
Safe target pos: [0.54649951 0.09483666 0.06387664]
Target orientation (quat): [ 0.90826563 -0.13733402 -0.3659965  -0.14912905]
Target tilt angle from normal: 25.21 deg
Stiffness (Kp_pos diag): [56.763012, 20.890373, 298.52652]
Stiffness (Kp_ori): [1.0698391, 6.416908, 8.355147]
--------------------------
[INFO] [1789072808.674236050] [rl_env_node]: 
--- ACTION DIAGNOSTICS ---
Raw delta pos: [ 0.99398136 -0.90514046  0.9087548 ]
Safe target pos: [0.55748188 0.09967273 0.05587664]
Target orientation (quat): [ 0.90594177 -0.13278984 -0.37323257 -0.14944506]
Target tilt angle from normal: 25.21 deg
Stiffness (Kp_pos diag): [45.48656, 27.191935, 298.37808]
Stiffness (Kp_ori): [1.0738399, 6.828083, 8.228673]
--------------------------
[INFO] [1789072808.724958149] [rl_env_node]: 
--- ACTION DIAGNOSTICS ---
Raw delta pos: [ 0.9916587 -0.9284755  0.9171084]
Safe target pos: [0.56834423 0.10477266 0.04787664]
Target orientation (quat): [ 0.90395565 -0.12845607 -0.3794245  -0.14966716]
Target tilt angle from normal: 25.21 deg
Stiffness (Kp_pos diag): [45.89512, 28.288652, 297.68033]
Stiffness (Kp_ori): [1.084348, 7.617131, 7.5864944]
--------------------------
[INFO] [1789072808.775042450] [rl_env_node]: 
--- ACTION DIAGNOSTICS ---
Raw delta pos: [ 0.98940563 -0.95220774  0.915282  ]
Safe target pos: [0.57904673 0.11020004 0.03987664]
Target orientation (quat): [ 0.90237549 -0.12437825 -0.3843715  -0.1500236 ]
Target tilt angle from normal: 25.21 deg
Stiffness (Kp_pos diag): [35.378826, 41.07747, 298.0025]
Stiffness (Kp_ori): [1.0853723, 7.9544177, 7.509789]
--------------------------
[INFO] [1789072808.824945844] [rl_env_node]: 
--- ACTION DIAGNOSTICS ---
Raw delta pos: [ 0.98600435 -0.9633566   0.92305803]
Safe target pos: [0.58953049 0.11603877 0.03187664]
Target orientation (quat): [ 0.90099791 -0.12057414 -0.38868765 -0.15028825]
Target tilt angle from normal: 25.21 deg
Stiffness (Kp_pos diag): [29.122631, 44.279724, 297.26898]
Stiffness (Kp_ori): [1.0959386, 8.16785, 6.8669615]
--------------------------
[INFO] [1789072808.875100082] [rl_env_node]: 
--- ACTION DIAGNOSTICS ---
Raw delta pos: [ 0.98279226 -0.9734274   0.9161782 ]
Safe target pos: [0.5997082  0.12239599 0.02387664]
Target orientation (quat): [ 0.90003997 -0.11706491 -0.39172531 -0.15091439]
Target tilt angle from normal: 25.21 deg
Stiffness (Kp_pos diag): [22.59624, 55.199448, 296.58734]
Stiffness (Kp_ori): [1.1036028, 8.434319, 6.457156]
--------------------------
[INFO] [1789072808.925394459] [rl_env_node]: 
--- ACTION DIAGNOSTICS ---
Raw delta pos: [ 0.9780122  -0.9745174   0.90452003]
Safe target pos: [0.60947513 0.12936787 0.01587664]
Target orientation (quat): [ 0.89922069 -0.11389076 -0.39432694 -0.15145069]
Target tilt angle from normal: 25.21 deg
Stiffness (Kp_pos diag): [22.364422, 52.613422, 295.26953]
Stiffness (Kp_ori): [1.1132141, 8.581812, 5.1830525]
--------------------------
[INFO] [1789072808.974808263] [rl_env_node]: 
--- ACTION DIAGNOSTICS ---
Raw delta pos: [ 0.9653264 -0.9804186  0.8752556]
Safe target pos: [0.61869309 0.13705092 0.00787664]
Target orientation (quat): [ 0.89893493 -0.11115801 -0.39530853 -0.15261404]
Target tilt angle from normal: 25.21 deg
Stiffness (Kp_pos diag): [19.288132, 72.96476, 294.564]
Stiffness (Kp_ori): [1.1401178, 8.598829, 4.5770807]
--------------------------
[INFO] [1789072809.027752786] [rl_env_node]: 
--- ACTION DIAGNOSTICS ---
Raw delta pos: [ 0.9351876 -0.9782147  0.8673297]
Safe target pos: [ 6.27155578e-01  1.45558928e-01 -1.23361999e-04]
Target orientation (quat): [ 0.89874784 -0.10893828 -0.39596946 -0.15359999]
Target tilt angle from normal: 25.21 deg
Stiffness (Kp_pos diag): [17.475958, 84.326454, 292.3559]
Stiffness (Kp_ori): [1.1469567, 8.732868, 3.3976665]
--------------------------
[INFO] [1789072809.072422032] [rl_env_node]: 
================================================================ OBS SNAPSHOT ================================================================
  [00:06]  joint_pos      = [+0.0266  +0.5864  +0.0153  -2.0098  -0.0163  +2.1564  +0.9982]
  [07:13]  cos(jnt_pos)   = [+0.9996  +0.8329  +0.9999  -0.4250  +0.9999  -0.5527  +0.5418]
  [14:20]  sin(jnt_pos)   = [+0.0266  +0.5534  +0.0153  -0.9052  -0.0163  +0.8334  +0.8405]
  [21:27]  joint_vel      = [+0.0004  +0.8411  +0.0700  +1.0256  +0.0020  -0.3210  +0.0562]
  [28:34]  joint_acc      = [-0.0774  +0.0062  +0.4234  +0.3765  +0.0878  -0.3497  -0.3377]
  [35:37]  eef_pos(TCP)   = [+0.5262  +0.0225  +0.0728]  (eraser tip)
  [38:41]  eef_quat       = [+0.9725  -0.0777  -0.2178  +0.0289]  (flange xyzw)
  [42:45]  eef_quat_site  = [+0.6997  -0.2921  -0.1035  -0.6437]  (grip-site xyzw)
  [46]     contact        = 1  (|Fz_net|>2N, net=18.15N, raw=-17.53N, tare=0.62N)
  [47:81]  markers (active=3):
    M0 (WIPED  )  pos=[+0.4525  -0.1144  +0.1262]  g2m=[-0.0738  -0.1369  +0.0534]
    M1 (WIPED  )  pos=[+0.4669  -0.0452  +0.1154]  g2m=[-0.0594  -0.0677  +0.0427]
    M2 (WIPED  )  pos=[+0.5104  +0.0106  +0.0835]  g2m=[-0.0159  -0.0119  +0.0107]
    M3 (active )  pos=[+0.5577  +0.0623  +0.0487]  g2m=[+0.0315  +0.0398  -0.0241]
    M4 (pending)  pos=[+0.5816  +0.1400  +0.0309]  g2m=[+0.0554  +0.1175  -0.0419]
  [82:84]  g2active_wp    = [+0.0315  +0.0398  -0.0241]
  ICRA FORCE METRICS      : Fz_mean= 8.24N  Fz_peak=20.63N  Fz_violations(>10N)=50 (31.1%)
  obs_dim  = 85
=============================================================================================================================================
[INFO] [1789072809.074468670] [rl_env_node]: 
--- ACTION DIAGNOSTICS ---
Raw delta pos: [ 0.86419606 -0.98172     0.8325908 ]
Safe target pos: [ 0.63460624  0.15496572 -0.00812336]
Target orientation (quat): [ 0.89956485 -0.10708813 -0.39360755 -0.1561676 ]
Target tilt angle from normal: 25.21 deg
Stiffness (Kp_pos diag): [15.004968, 108.73446, 289.1071]
Stiffness (Kp_ori): [1.1649657, 8.927689, 3.2553911]
--------------------------
[INFO] [1789072809.124472095] [rl_env_node]: 
--- ACTION DIAGNOSTICS ---
Raw delta pos: [ 0.70613384 -0.97456115  0.7906265 ]
Safe target pos: [ 0.6406036   0.16535954 -0.01612336]
Target orientation (quat): [ 0.90070939 -0.10605866 -0.39022407 -0.15874299]
Target tilt angle from normal: 25.21 deg
Stiffness (Kp_pos diag): [13.667095, 119.40244, 286.1974]
Stiffness (Kp_ori): [1.1658058, 8.99255, 2.8639529]
--------------------------
[INFO] [1789072809.181033345] [rl_env_node]: 
--- ACTION DIAGNOSTICS ---
Raw delta pos: [ 0.47844172 -0.9577581   0.7639837 ]
Safe target pos: [ 0.64441524  0.17673809 -0.02412336]
Target orientation (quat): [ 0.90261024 -0.10748523 -0.38445777 -0.16104007]
Target tilt angle from normal: 25.21 deg
Stiffness (Kp_pos diag): [12.735523, 136.2344, 282.32568]
Stiffness (Kp_ori): [1.1476314, 9.076352, 3.2074237]
--------------------------
[INFO] [1789072809.224891603] [rl_env_node]: 
--- ACTION DIAGNOSTICS ---
Raw delta pos: [ 0.07421303 -0.88115656  0.6734283 ]
Safe target pos: [ 0.64481447  0.18873145 -0.03212336]
Target orientation (quat): [ 0.90469452 -0.11289087 -0.37795142 -0.16104717]
Target tilt angle from normal: 25.21 deg
Stiffness (Kp_pos diag): [9.205357, 149.4947, 282.43246]
Stiffness (Kp_ori): [1.1104394, 9.108308, 3.3170204]
--------------------------
[INFO] [1789072809.274296102] [rl_env_node]: 
--- ACTION DIAGNOSTICS ---
Raw delta pos: [-0.318821  -0.8839593  0.6441388]
Safe target pos: [ 0.63983107  0.19964776 -0.03479728]
Target orientation (quat): [ 0.91173147 -0.11222937 -0.36484267 -0.15178971]
Target tilt angle from normal: 23.73 deg
Stiffness (Kp_pos diag): [11.891225, 170.46443, 278.68503]
Stiffness (Kp_ori): [1.125422, 8.886699, 4.9346414]
--------------------------
[INFO] [1789072809.329182839] [rl_env_node]: 
--- ACTION DIAGNOSTICS ---
Raw delta pos: [-0.7335354  -0.74517125  0.46682405]
Safe target pos: [ 0.62947302  0.20570671 -0.02726699]
Target orientation (quat): [ 0.92091718 -0.10436573 -0.3500416  -0.13597877]
Target tilt angle from normal: 21.20 deg
Stiffness (Kp_pos diag): [8.256943, 195.70866, 274.60757]
Stiffness (Kp_ori): [1.0877359, 9.007752, 4.696377]
--------------------------
[INFO] [1789072809.374795253] [rl_env_node]: 
--- ACTION DIAGNOSTICS ---
Raw delta pos: [-0.85471624 -0.5449657   0.41813564]
Safe target pos: [ 0.61747425  0.20587862 -0.01854388]
Target orientation (quat): [ 0.93113998 -0.0911352  -0.33319147 -0.11685961]
Target tilt angle from normal: 18.08 deg
Stiffness (Kp_pos diag): [9.469627, 222.19293, 252.63795]
Stiffness (Kp_ori): [1.090446, 8.797394, 5.730688]
--------------------------
[INFO] [1789072809.424864230] [rl_env_node]: 
--- ACTION DIAGNOSTICS ---
Raw delta pos: [-0.963107  -0.2971053  0.4398483]
Safe target pos: [ 0.60620905  0.20174399 -0.01035408]
Target orientation (quat): [ 0.94087412 -0.07630567 -0.31546808 -0.09702174]
Target tilt angle from normal: 14.96 deg
Stiffness (Kp_pos diag): [9.544229, 247.86925, 216.56241]
Stiffness (Kp_ori): [1.088518, 8.3311825, 6.987449]
--------------------------
[INFO] [1789072809.475252585] [rl_env_node]: 
--- ACTION DIAGNOSTICS ---
Raw delta pos: [-0.95605    -0.22039384  0.48806572]
Safe target pos: [ 0.59623997  0.19506435 -0.00310656]
Target orientation (quat): [ 0.9497791  -0.06153081 -0.29727196 -0.07591443]
Target tilt angle from normal: 12.04 deg
Stiffness (Kp_pos diag): [13.676968, 242.38986, 197.61761]
Stiffness (Kp_ori): [1.0965252, 8.033283, 7.6916776]
--------------------------
[INFO] [1789072809.525137535] [rl_env_node]: 
--- ACTION DIAGNOSTICS ---
Raw delta pos: [-0.95776606  0.12548923  0.49280477]
Safe target pos: [0.58743834 0.18690768 0.00329223]
Target orientation (quat): [ 0.95769987 -0.04672889 -0.27869518 -0.05437253]
Target tilt angle from normal: 9.68 deg
Stiffness (Kp_pos diag): [13.459249, 257.22424, 190.93536]
Stiffness (Kp_ori): [1.0894195, 8.178707, 7.703043]
--------------------------
[INFO] [1789072809.572742788] [rl_env_node]: 
================================================================ OBS SNAPSHOT ================================================================
  [00:06]  joint_pos      = [+0.0669  +0.9602  +0.1201  -1.4971  -0.0163  +1.9795  +1.0854]
  [07:13]  cos(jnt_pos)   = [+0.9978  +0.5734  +0.9928  +0.0736  +0.9999  -0.3974  +0.4666]
  [14:20]  sin(jnt_pos)   = [+0.0668  +0.8193  +0.1198  -0.9973  -0.0163  +0.9176  +0.8845]
  [21:27]  joint_vel      = [+0.2001  +0.4831  +0.2709  +0.7288  -0.0005  -0.2340  +0.2105]
  [28:34]  joint_acc      = [+0.1994  -1.3585  -0.6953  -1.6214  +0.0152  +0.5881  -0.5055]
  [35:37]  eef_pos(TCP)   = [+0.6071  +0.1188  +0.0147]  (eraser tip)
  [38:41]  eef_quat       = [+0.9693  -0.0616  -0.2379  +0.0092]  (flange xyzw)
  [42:45]  eef_quat_site  = [+0.6849  -0.2944  -0.1306  -0.6536]  (grip-site xyzw)
  [46]     contact        = 1  (|Fz_net|>2N, net=10.57N, raw=-9.96N, tare=0.62N)
  [47:81]  markers (active=3):
    M0 (WIPED  )  pos=[+0.4525  -0.1144  +0.1262]  g2m=[-0.1546  -0.2332  +0.1115]
    M1 (WIPED  )  pos=[+0.4669  -0.0452  +0.1154]  g2m=[-0.1403  -0.1640  +0.1008]
    M2 (WIPED  )  pos=[+0.5104  +0.0106  +0.0835]  g2m=[-0.0967  -0.1082  +0.0688]
    M3 (active )  pos=[+0.5577  +0.0623  +0.0487]  g2m=[-0.0494  -0.0565  +0.0340]
    M4 (pending)  pos=[+0.5816  +0.1400  +0.0309]  g2m=[-0.0255  +0.0212  +0.0163]
  [82:84]  g2active_wp    = [-0.0494  -0.0565  +0.0340]
  ICRA FORCE METRICS      : Fz_mean= 8.93N  Fz_peak=23.37N  Fz_violations(>10N)=60 (35.1%)
  obs_dim  = 85
=============================================================================================================================================
[INFO] [1789072809.581420908] [rl_env_node]: 
--- ACTION DIAGNOSTICS ---
Raw delta pos: [-0.9506704   0.19589174  0.61264706]
Safe target pos: [0.57954475 0.17786936 0.00903087]
Target orientation (quat): [ 0.96458084 -0.03188569 -0.25980508 -0.03268697]
Target tilt angle from normal: 8.43 deg
Stiffness (Kp_pos diag): [14.471748, 239.46509, 157.03839]
Stiffness (Kp_ori): [1.0744538, 8.222911, 7.7989836]
--------------------------
[INFO] [1789072809.629352804] [rl_env_node]: 
--- ACTION DIAGNOSTICS ---
Raw delta pos: [-0.9380251   0.39612877  0.45555222]
Safe target pos: [0.57239298 0.16823338 0.0142302 ]
Target orientation (quat): [ 0.97042059 -0.01694437 -0.24056826 -0.0111212 ]
Target tilt angle from normal: 8.79 deg
Stiffness (Kp_pos diag): [18.11332, 251.30562, 146.32718]
Stiffness (Kp_ori): [1.066109, 8.134364, 8.620295]
--------------------------
[INFO] [1789072809.674211280] [rl_env_node]: 
--- ACTION DIAGNOSTICS ---
Raw delta pos: [-0.92927694  0.4599172   0.67698526]
Safe target pos: [0.56572645 0.15825553 0.01907677]
Target orientation (quat): [ 0.97519223 -0.00186981 -0.22113735  0.00974082]
Target tilt angle from normal: 10.58 deg
Stiffness (Kp_pos diag): [16.115398, 238.96974, 116.29164]
Stiffness (Kp_ori): [1.0529494, 8.379984, 7.758846]
--------------------------
[INFO] [1789072809.728611506] [rl_env_node]: 
--- ACTION DIAGNOSTICS ---
Raw delta pos: [-0.95464665  0.5007074   0.7161126 ]
Safe target pos: [0.55939739 0.14806029 0.023678  ]
Target orientation (quat): [ 0.97897849  0.01353556 -0.20145252  0.02889257]
Target tilt angle from normal: 13.20 deg
Stiffness (Kp_pos diag): [16.532063, 249.56305, 100.76372]
Stiffness (Kp_ori): [1.042324, 8.27489, 8.147292]
--------------------------
[INFO] [1789072809.780793203] [rl_env_node]: 
--- ACTION DIAGNOSTICS ---
Raw delta pos: [-0.95389885  0.3733182   0.70020926]
Safe target pos: [0.55332008 0.13771301 0.0280962 ]
Target orientation (quat): [ 0.98184332  0.02915239 -0.18161355  0.04637188]
Target tilt angle from normal: 16.16 deg
Stiffness (Kp_pos diag): [15.744411, 231.04651, 90.96884]
Stiffness (Kp_ori): [1.0415382, 7.788997, 7.0514755]
--------------------------
[INFO] [1789072809.822546593] [rl_env_node]: [WAYPOINT SWITCH] Active marker M3 -> M4! Smoothly continuing surface wipe.
[INFO] [1789072809.837305882] [rl_env_node]: 
--- ACTION DIAGNOSTICS ---
Raw delta pos: [-0.8126565  -0.9612683   0.31526577]
Safe target pos: [0.5428892  0.13178031 0.03567945]
Target orientation (quat): [ 0.98472384  0.02874249 -0.16659924  0.04168365]
Target tilt angle from normal: 17.70 deg
Stiffness (Kp_pos diag): [39.95059, 241.55634, 260.9563]
Stiffness (Kp_ori): [1.0762745, 9.38356, 6.564203]
--------------------------
[INFO] [1789072809.878014357] [rl_env_node]: 
--- ACTION DIAGNOSTICS ---
Raw delta pos: [-0.71846545 -0.9756559   0.15306091]
Safe target pos: [0.53242478 0.12590699 0.04328708]
Target orientation (quat): [ 0.98704121  0.02659379 -0.15368806  0.03771467]
Target tilt angle from normal: 19.02 deg
Stiffness (Kp_pos diag): [47.99661, 245.3906, 262.16583]
Stiffness (Kp_ori): [1.0912962, 9.428281, 6.382216]
--------------------------
[INFO] [1789072809.926160412] [rl_env_node]: 
--- ACTION DIAGNOSTICS ---
Raw delta pos: [-0.6219705  -0.97866315  0.03419042]
Safe target pos: [0.52168889 0.12054596 0.05109208]
Target orientation (quat): [ 0.98881843  0.02293215 -0.14319667  0.03474113]
Target tilt angle from normal: 20.08 deg
Stiffness (Kp_pos diag): [48.38711, 238.1527, 265.8103]
Stiffness (Kp_ori): [1.0830184, 9.451283, 6.559648]
--------------------------
[INFO] [1789072809.974738676] [rl_env_node]: 
--- ACTION DIAGNOSTICS ---
Raw delta pos: [-0.45988476 -0.99315184  0.25866258]
Safe target pos: [0.51051029 0.11618261 0.05921892]
Target orientation (quat): [ 0.99042411  0.01380061 -0.13344529  0.03258807]
Target tilt angle from normal: 21.02 deg
Stiffness (Kp_pos diag): [127.43545, 211.63667, 284.78885]
Stiffness (Kp_ori): [1.3457284, 9.593684, 7.1823263]
--------------------------
[INFO] [1789072810.024286478] [rl_env_node]: 
--- ACTION DIAGNOSTICS ---
Raw delta pos: [-0.39737213 -0.9933453   0.2849164 ]
Safe target pos: [0.4988986  0.11315464 0.06766062]
Target orientation (quat): [ 0.99143786  0.00334259 -0.12657536  0.03191346]
Target tilt angle from normal: 21.70 deg
Stiffness (Kp_pos diag): [122.94228, 198.336, 286.98154]
Stiffness (Kp_ori): [1.2727573, 9.557394, 7.245465]
--------------------------
[INFO] [1789072810.082236786] [rl_env_node]: 
--- ACTION DIAGNOSTICS ---
Raw delta pos: [-0.28742623 -0.9947061   0.30540133]
Safe target pos: [0.48698188 0.11174331 0.07632408]
Target orientation (quat): [ 0.99184434 -0.0082201  -0.12290258  0.03274436]
Target tilt angle from normal: 22.11 deg
Stiffness (Kp_pos diag): [141.56068, 203.41, 291.10147]
Stiffness (Kp_ori): [1.306264, 9.595091, 7.1713204]
--------------------------
[INFO] [1789072810.122402753] [rl_env_node]: 
================================================================ OBS SNAPSHOT ================================================================
  [00:06]  joint_pos      = [+0.1151  +1.0025  +0.1191  -1.4189  -0.0360  +1.9692  +1.0843]
  [07:13]  cos(jnt_pos)   = [+0.9934  +0.5382  +0.9929  +0.1513  +0.9994  -0.3879  +0.4675]
  [14:20]  sin(jnt_pos)   = [+0.1148  +0.8428  +0.1188  -0.9885  -0.0360  +0.9217  +0.8840]
  [21:27]  joint_vel      = [-0.0402  -0.0709  -0.1018  -0.0107  -0.0014  -0.0003  -0.0820]
  [28:34]  joint_acc      = [-0.2786  -0.4964  +0.3944  -0.1806  +0.3514  +0.0012  -0.0168]
  [35:37]  eef_pos(TCP)   = [+0.6184  +0.1398  +0.0141]  (eraser tip)
  [38:41]  eef_quat       = [+0.9738  -0.0367  -0.2234  +0.0194]  (flange xyzw)
  [42:45]  eef_quat_site  = [+0.6975  -0.2671  -0.1371  -0.6507]  (grip-site xyzw)
  [46]     contact        = 0  (|Fz_net|>2N, net=0.15N, raw=0.76N, tare=0.62N)
  [47:81]  markers (active=4):
    M0 (WIPED  )  pos=[+0.4525  -0.1144  +0.1262]  g2m=[-0.1659  -0.2542  +0.1120]
    M1 (WIPED  )  pos=[+0.4669  -0.0452  +0.1154]  g2m=[-0.1515  -0.1851  +0.1013]
    M2 (WIPED  )  pos=[+0.5104  +0.0106  +0.0835]  g2m=[-0.1080  -0.1292  +0.0693]
    M3 (WIPED  )  pos=[+0.5577  +0.0623  +0.0487]  g2m=[-0.0606  -0.0776  +0.0345]
    M4 (active )  pos=[+0.5816  +0.1400  +0.0309]  g2m=[-0.0368  +0.0002  +0.0168]
  [82:84]  g2active_wp    = [-0.0368  +0.0002  +0.0168]
  ICRA FORCE METRICS      : Fz_mean= 8.86N  Fz_peak=23.37N  Fz_violations(>10N)=63 (35.2%)
  obs_dim  = 85
=============================================================================================================================================
[INFO] [1789072810.124336730] [rl_env_node]: 
--- ACTION DIAGNOSTICS ---
Raw delta pos: [-0.21822023 -0.99535894  0.33995366]
Safe target pos: [0.47498203 0.1118036  0.08504797]
Target orientation (quat): [ 0.99181582 -0.02109916 -0.12093723  0.03507697]
Target tilt angle from normal: 22.42 deg
Stiffness (Kp_pos diag): [153.87633, 206.63623, 293.5121]
Stiffness (Kp_ori): [1.3356227, 9.564595, 7.249651]
--------------------------
[INFO] [1789072810.174501094] [rl_env_node]: 
--- ACTION DIAGNOSTICS ---
Raw delta pos: [-0.15984946 -0.99515647  0.256737  ]
Safe target pos: [0.46304638 0.11304472 0.09372518]
Target orientation (quat): [ 0.991377   -0.03532167 -0.1203971   0.0377964 ]
Target tilt angle from normal: 22.68 deg
Stiffness (Kp_pos diag): [160.14836, 206.56993, 293.8965]
Stiffness (Kp_ori): [1.3228835, 9.524161, 6.956192]
--------------------------
[INFO] [1789072810.224974874] [rl_env_node]: 
--- ACTION DIAGNOSTICS ---
Raw delta pos: [-0.16753542 -0.9955696   0.15365934]
Safe target pos: [0.45122087 0.11508366 0.10232233]
Target orientation (quat): [ 0.99051848 -0.05139979 -0.12123722  0.03915022]
Target tilt angle from normal: 22.93 deg
Stiffness (Kp_pos diag): [164.8851, 217.594, 294.40445]
Stiffness (Kp_ori): [1.3843563, 9.436474, 6.8968787]
--------------------------
[INFO] [1789072810.277017885] [rl_env_node]: 
--- ACTION DIAGNOSTICS ---
Raw delta pos: [-0.1489119  -0.995852    0.20320427]
Safe target pos: [0.43948729 0.11759822 0.11085264]
Target orientation (quat): [ 0.98926974 -0.06855828 -0.1231207   0.03855435]
Target tilt angle from normal: 23.22 deg
Stiffness (Kp_pos diag): [172.44875, 227.28069, 294.86508]
Stiffness (Kp_ori): [1.434267, 9.3742485, 6.716571]
--------------------------
[INFO] [1789072810.325206663] [rl_env_node]: 
--- ACTION DIAGNOSTICS ---
Raw delta pos: [-0.2833904  -0.9963468   0.14235628]
Safe target pos: [0.42781924 0.1204012  0.11933531]
Target orientation (quat): [ 0.98775624 -0.0864632  -0.12541013  0.03367539]
Target tilt angle from normal: 23.60 deg
Stiffness (Kp_pos diag): [182.75746, 237.85738, 294.6974]
Stiffness (Kp_ori): [1.5111325, 9.202661, 6.727312]
--------------------------
[INFO] [1789072810.374942720] [rl_env_node]: 
--- ACTION DIAGNOSTICS ---
Raw delta pos: [-0.34912318 -0.9916118  -0.26461327]
Safe target pos: [0.41622745 0.12350448 0.12776254]
Target orientation (quat): [ 0.98574442 -0.10374088 -0.13060188  0.02211153]
Target tilt angle from normal: 23.79 deg
Stiffness (Kp_pos diag): [111.63538, 257.4211, 288.7482]
Stiffness (Kp_ori): [1.1360888, 8.395544, 5.3973827]
--------------------------
[INFO] [1789072810.424317096] [rl_env_node]: 
--- ACTION DIAGNOSTICS ---
Raw delta pos: [-0.45144963 -0.99701154  0.38242447]
Safe target pos: [0.40473575 0.12696002 0.13611701]
Target orientation (quat): [ 0.98365212 -0.12137166 -0.1328467   0.00701372]
Target tilt angle from normal: 24.54 deg
Stiffness (Kp_pos diag): [182.50282, 248.03848, 293.355]
Stiffness (Kp_ori): [1.6852915, 8.700172, 6.9615817]
--------------------------
[INFO] [1789072810.477374307] [rl_env_node]: 
--- ACTION DIAGNOSTICS ---
Raw delta pos: [-0.39321184 -0.99698913  0.4716972 ]
Safe target pos: [0.39342348 0.13096409 0.14434103]
Target orientation (quat): [ 0.98084878 -0.13717108 -0.13778801 -0.01158578]
Target tilt angle from normal: 25.21 deg
Stiffness (Kp_pos diag): [179.65135, 251.08763, 291.5497]
Stiffness (Kp_ori): [1.7912478, 8.150028, 6.978042]
--------------------------
[INFO] [1789072810.525170118] [rl_env_node]: 
--- ACTION DIAGNOSTICS ---
Raw delta pos: [-0.05822033 -0.99370515  0.05013549]
Safe target pos: [0.38252377 0.13598368 0.15226512]
Target orientation (quat): [ 0.97698499 -0.14827493 -0.15019189 -0.0309398 ]
Target tilt angle from normal: 25.21 deg
Stiffness (Kp_pos diag): [126.92144, 276.91678, 291.2439]
Stiffness (Kp_ori): [1.2287366, 5.8879204, 6.8622503]
--------------------------
[INFO] [1789072810.574812117] [rl_env_node]: 
--- ACTION DIAGNOSTICS ---
Raw delta pos: [-0.110268   -0.9959782   0.60035443]
Safe target pos: [0.37297649 0.14325345 0.15920599]
Target orientation (quat): [ 0.97276374 -0.15662198 -0.16369849 -0.04902104]
Target tilt angle from normal: 25.21 deg
Stiffness (Kp_pos diag): [163.39763, 264.92142, 291.86023]
Stiffness (Kp_ori): [1.7815388, 7.4745665, 8.139332]
--------------------------
[INFO] [1789072810.622484379] [rl_env_node]: 
================================================================ OBS SNAPSHOT ================================================================
  [00:06]  joint_pos      = [+0.1142  +0.7936  +0.1169  -1.6258  -0.0240  +1.9159  +1.1264]
  [07:13]  cos(jnt_pos)   = [+0.9935  +0.7013  +0.9932  -0.0550  +0.9997  -0.3383  +0.4299]
  [14:20]  sin(jnt_pos)   = [+0.1139  +0.7129  +0.1166  -0.9985  -0.0240  +0.9411  +0.9029]
  [21:27]  joint_vel      = [+0.0339  -0.8666  +0.0897  -1.0441  +0.1073  -0.0425  +0.2917]
  [28:34]  joint_acc      = [-0.1196  -2.8660  +1.0996  -2.9726  +0.4775  +1.6855  +1.3508]
  [35:37]  eef_pos(TCP)   = [+0.5797  +0.1347  +0.0772]  (eraser tip)
  [38:41]  eef_quat       = [+0.9669  -0.0535  -0.2468  +0.0365]  (flange xyzw)
  [42:45]  eef_quat_site  = [+0.7030  -0.2949  -0.1403  -0.6317]  (grip-site xyzw)
  [46]     contact        = 0  (|Fz_net|>2N, net=0.78N, raw=1.39N, tare=0.62N)
  [47:81]  markers (active=4):
    M0 (WIPED  )  pos=[+0.4525  -0.1144  +0.1262]  g2m=[-0.1273  -0.2490  +0.0489]
    M1 (WIPED  )  pos=[+0.4669  -0.0452  +0.1154]  g2m=[-0.1129  -0.1799  +0.0382]
    M2 (WIPED  )  pos=[+0.5104  +0.0106  +0.0835]  g2m=[-0.0694  -0.1240  +0.0062]
    M3 (WIPED  )  pos=[+0.5577  +0.0623  +0.0487]  g2m=[-0.0220  -0.0724  -0.0286]
    M4 (active )  pos=[+0.5816  +0.1400  +0.0309]  g2m=[+0.0019  +0.0054  -0.0463]
  [82:84]  g2active_wp    = [+0.0019  +0.0054  -0.0463]
  ICRA FORCE METRICS      : Fz_mean= 8.79N  Fz_peak=23.37N  Fz_violations(>10N)=63 (34.8%)
  obs_dim  = 85
=============================================================================================================================================
[INFO] [1789072810.624632165] [rl_env_node]: 
--- ACTION DIAGNOSTICS ---
Raw delta pos: [ 0.12119842 -0.99281657  0.6450671 ]
Safe target pos: [0.37483104 0.14860824 0.15785774]
Target orientation (quat): [ 0.96848207 -0.16207821 -0.17739101 -0.06561684]
Target tilt angle from normal: 25.21 deg
Stiffness (Kp_pos diag): [153.28163, 266.91983, 293.49908]
Stiffness (Kp_ori): [2.213695, 6.1475935, 9.033845]
--------------------------
[INFO] [1789072810.679075258] [rl_env_node]: 
--- ACTION DIAGNOSTICS ---
Raw delta pos: [ 0.3196168  -0.98838943  0.564067  ]
Safe target pos: [0.3866892  0.1504478  0.15385774]
Target orientation (quat): [ 0.96371017 -0.16634761 -0.19255113 -0.08071703]
Target tilt angle from normal: 25.21 deg
Stiffness (Kp_pos diag): [147.33961, 268.13297, 292.60202]
Stiffness (Kp_ori): [2.2106385, 6.189139, 8.960421]
--------------------------
[INFO] [1789072810.728902900] [rl_env_node]: 
--- ACTION DIAGNOSTICS ---
Raw delta pos: [ 0.593655   -0.9751199   0.49106026]
Safe target pos: [0.39868447 0.15011091 0.14985774]
Target orientation (quat): [ 0.95851602 -0.16943383 -0.20896521 -0.09419534]
Target tilt angle from normal: 25.21 deg
Stiffness (Kp_pos diag): [126.88198, 261.26166, 293.72128]
Stiffness (Kp_ori): [2.392655, 5.2075677, 9.314581]
--------------------------
[INFO] [1789072810.776578806] [rl_env_node]: 
--- ACTION DIAGNOSTICS ---
Raw delta pos: [ 0.67405987 -0.9563471   0.50610685]
Safe target pos: [0.41064408 0.1491272  0.14585774]
Target orientation (quat): [ 0.95319594 -0.17101872 -0.22572558 -0.10591537]
Target tilt angle from normal: 25.21 deg
Stiffness (Kp_pos diag): [124.58951, 231.79726, 291.5717]
Stiffness (Kp_ori): [2.3530927, 4.7904663, 9.520461]
--------------------------
[INFO] [1789072810.824722743] [rl_env_node]: 
--- ACTION DIAGNOSTICS ---
Raw delta pos: [ 0.7386339 -0.9518478  0.5806794]
Safe target pos: [0.42258581 0.14794605 0.14185774]
Target orientation (quat): [ 0.94792767 -0.17114831 -0.24228798 -0.11592203]
Target tilt angle from normal: 25.21 deg
Stiffness (Kp_pos diag): [139.59488, 216.8594, 293.41614]
Stiffness (Kp_ori): [2.2428, 4.523418, 9.738132]
--------------------------
[INFO] [1789072810.881059124] [rl_env_node]: 
--- ACTION DIAGNOSTICS ---
Raw delta pos: [ 0.8332224 -0.9163008  0.5730611]
Safe target pos: [0.43453159 0.14680656 0.13785774]
Target orientation (quat): [ 0.94222026 -0.17061128 -0.26014296 -0.12425143]
Target tilt angle from normal: 25.21 deg
Stiffness (Kp_pos diag): [132.90157, 189.93153, 293.1662]
Stiffness (Kp_ori): [1.9613018, 4.7384033, 9.670924]
--------------------------
[INFO] [1789072810.929176184] [rl_env_node]: 
--- ACTION DIAGNOSTICS ---
Raw delta pos: [ 0.92293024 -0.89267766  0.5398166 ]
Safe target pos: [0.4464893  0.14580002 0.13385774]
Target orientation (quat): [ 0.93609182 -0.16927266 -0.27923337 -0.13079599]
Target tilt angle from normal: 25.21 deg
Stiffness (Kp_pos diag): [99.06288, 156.3247, 290.63928]
Stiffness (Kp_ori): [1.2721822, 3.3322122, 9.665519]
--------------------------
[INFO] [1789072810.975428467] [rl_env_node]: 
--- ACTION DIAGNOSTICS ---
Raw delta pos: [ 0.9344559  -0.83293456  0.5669358 ]
Safe target pos: [0.4584621  0.14499258 0.12985774]
Target orientation (quat): [ 0.93022174 -0.16665954 -0.29749104 -0.13568785]
Target tilt angle from normal: 25.21 deg
Stiffness (Kp_pos diag): [105.842926, 107.39745, 293.67245]
Stiffness (Kp_ori): [1.900321, 4.5440207, 9.701388]
--------------------------
[INFO] [1789072811.029048499] [rl_env_node]: 
--- ACTION DIAGNOSTICS ---
Raw delta pos: [ 0.93297064 -0.83389455  0.61422515]
Safe target pos: [0.4704499  0.14445156 0.12185774]
Target orientation (quat): [ 0.92473141 -0.16299337 -0.31454829 -0.13915588]
Target tilt angle from normal: 25.21 deg
Stiffness (Kp_pos diag): [113.09544, 67.03176, 292.5117]
Stiffness (Kp_ori): [1.9557132, 4.537752, 9.813776]
--------------------------
[INFO] [1789072811.076655002] [rl_env_node]: 
--- ACTION DIAGNOSTICS ---
Raw delta pos: [ 0.9548614  -0.7637881   0.58220744]
Safe target pos: [0.48244492 0.14410599 0.11385774]
Target orientation (quat): [ 0.91981809 -0.15850824 -0.32980933 -0.14154728]
Target tilt angle from normal: 25.21 deg
Stiffness (Kp_pos diag): [109.14726, 62.81926, 293.6761]
Stiffness (Kp_ori): [1.8735603, 4.951257, 9.755985]
--------------------------
[INFO] [1789072811.122531810] [rl_env_node]: 
================================================================ OBS SNAPSHOT ================================================================
  [00:06]  joint_pos      = [+0.1172  +0.4428  +0.1642  -2.1226  +0.0366  +2.0152  +1.2590]
  [07:13]  cos(jnt_pos)   = [+0.9931  +0.9036  +0.9865  -0.5242  +0.9993  -0.4300  +0.3068]
  [14:20]  sin(jnt_pos)   = [+0.1170  +0.4284  +0.1635  -0.8516  +0.0366  +0.9029  +0.9518]
  [21:27]  joint_vel      = [-0.0462  -0.1415  -0.0005  -0.1829  +0.2284  +0.3076  +0.0027]
  [28:34]  joint_acc      = [-0.4842  +3.8707  +0.0124  +9.2114  +1.6958  -1.4601  -1.4416]
  [35:37]  eef_pos(TCP)   = [+0.4555  +0.1437  +0.1212]  (eraser tip)
  [38:41]  eef_quat       = [+0.9565  -0.1026  -0.2681  +0.0527]  (flange xyzw)
  [42:45]  eef_quat_site  = [+0.7026  -0.3438  -0.1194  -0.6115]  (grip-site xyzw)
  [46]     contact        = 1  (|Fz_net|>2N, net=7.47N, raw=-6.86N, tare=0.62N)
  [47:81]  markers (active=4):
    M0 (WIPED  )  pos=[+0.4525  -0.1144  +0.1262]  g2m=[-0.0030  -0.2581  +0.0050]
    M1 (WIPED  )  pos=[+0.4669  -0.0452  +0.1154]  g2m=[+0.0114  -0.1890  -0.0057]
    M2 (WIPED  )  pos=[+0.5104  +0.0106  +0.0835]  g2m=[+0.0549  -0.1331  -0.0377]
    M3 (WIPED  )  pos=[+0.5577  +0.0623  +0.0487]  g2m=[+0.1023  -0.0815  -0.0725]
    M4 (active )  pos=[+0.5816  +0.1400  +0.0309]  g2m=[+0.1261  -0.0037  -0.0902]
  [82:84]  g2active_wp    = [+0.1261  -0.0037  -0.0902]
  ICRA FORCE METRICS      : Fz_mean= 8.76N  Fz_peak=23.37N  Fz_violations(>10N)=63 (34.6%)
  obs_dim  = 85
=============================================================================================================================================
[INFO] [1789072811.125059965] [rl_env_node]: 
--- ACTION DIAGNOSTICS ---
Raw delta pos: [ 0.95804214 -0.7166207   0.6385455 ]
Safe target pos: [0.49443975 0.14375378 0.10585774]
Target orientation (quat): [ 0.91522215 -0.15354089 -0.3440639  -0.14287636]
Target tilt angle from normal: 25.21 deg
Stiffness (Kp_pos diag): [63.713013, 34.067062, 277.3591]
Stiffness (Kp_ori): [1.3003999, 3.5274901, 9.613177]
--------------------------
[INFO] [1789072811.174937579] [rl_env_node]: 
--- ACTION DIAGNOSTICS ---
Raw delta pos: [ 0.9510646 -0.6480219  0.4049685]
Safe target pos: [0.50643523 0.14342452 0.09785774]
Target orientation (quat): [ 0.91128367 -0.14826136 -0.35628677 -0.14366762]
Target tilt angle from normal: 25.21 deg
Stiffness (Kp_pos diag): [69.73515, 53.138668, 292.5305]
Stiffness (Kp_ori): [1.2147961, 3.67133, 9.703087]
--------------------------
[INFO] [1789072811.225118387] [rl_env_node]: 
--- ACTION DIAGNOSTICS ---
Raw delta pos: [ 0.9511093  -0.5437048   0.37590075]
Safe target pos: [0.5184312  0.14311356 0.08985774]
Target orientation (quat): [ 0.90790143 -0.14291641 -0.36678915 -0.14406808]
Target tilt angle from normal: 25.21 deg
Stiffness (Kp_pos diag): [71.501785, 47.322742, 293.06314]
Stiffness (Kp_ori): [1.2388093, 3.5560095, 9.646838]
--------------------------
[INFO] [1789072811.274163757] [rl_env_node]: 
--- ACTION DIAGNOSTICS ---
Raw delta pos: [ 0.95292425 -0.4929434   0.3869866 ]
Safe target pos: [0.53042846 0.14285672 0.08185774]
Target orientation (quat): [ 0.90502835 -0.13767499 -0.37571846 -0.14423913]
Target tilt angle from normal: 25.21 deg
Stiffness (Kp_pos diag): [66.5304, 56.137825, 294.98938]
Stiffness (Kp_ori): [1.2322581, 3.575006, 9.672791]
--------------------------
[INFO] [1789072811.331649960] [rl_env_node]: 
--- ACTION DIAGNOSTICS ---
Raw delta pos: [ 0.95317936 -0.53846866  0.40855336]
Safe target pos: [0.54242708 0.14267479 0.07385774]
Target orientation (quat): [ 0.90260902 -0.13265582 -0.38324679 -0.14429585]
Target tilt angle from normal: 25.21 deg
Stiffness (Kp_pos diag): [67.58174, 56.41046, 295.06418]
Stiffness (Kp_ori): [1.2298868, 3.7258954, 9.684929]
--------------------------
[INFO] [1789072811.374322120] [rl_env_node]: 
--- ACTION DIAGNOSTICS ---
Raw delta pos: [ 0.9544989 -0.576943   0.4181378]
Safe target pos: [0.55442667 0.14257609 0.06585774]
Target orientation (quat): [ 0.90056231 -0.12792939 -0.38962299 -0.14427584]
Target tilt angle from normal: 25.21 deg
Stiffness (Kp_pos diag): [67.25825, 59.356903, 294.76645]
Stiffness (Kp_ori): [1.2214397, 3.886509, 9.642433]
--------------------------
[INFO] [1789072811.432314811] [rl_env_node]: 
--- ACTION DIAGNOSTICS ---
Raw delta pos: [ 0.95245385 -0.6335348   0.4122765 ]
Safe target pos: [0.56642665 0.14255612 0.05785774]
Target orientation (quat): [ 0.89882928 -0.12353419 -0.39502849 -0.14421415]
Target tilt angle from normal: 25.21 deg
Stiffness (Kp_pos diag): [68.66993, 60.35201, 294.16913]
Stiffness (Kp_ori): [1.2164695, 4.079828, 9.551318]
--------------------------
[INFO] [1789072811.475217766] [rl_env_node]: 
--- ACTION DIAGNOSTICS ---
Raw delta pos: [ 0.95295787 -0.672641    0.39038324]
Safe target pos: [0.57842648 0.14262147 0.04985774]
Target orientation (quat): [ 0.8973853  -0.1194949  -0.39954103 -0.14417889]
Target tilt angle from normal: 25.21 deg
Stiffness (Kp_pos diag): [61.130627, 73.21751, 294.2137]
Stiffness (Kp_ori): [1.2176439, 4.211606, 9.525144]
--------------------------
[INFO] [1789072811.526472759] [rl_env_node]: 
--- ACTION DIAGNOSTICS ---
Raw delta pos: [ 0.94710207 -0.7481136   0.40122342]
Safe target pos: [0.59042562 0.14276494 0.04185774]
Target orientation (quat): [ 0.8961695  -0.11581156 -0.40334653 -0.1441509 ]
Target tilt angle from normal: 25.21 deg
Stiffness (Kp_pos diag): [65.932434, 72.21171, 292.7396]
Stiffness (Kp_ori): [1.2252867, 4.3806467, 9.351851]
--------------------------
[INFO] [1789072811.581061342] [rl_env_node]: 
--- ACTION DIAGNOSTICS ---
Raw delta pos: [ 0.948387   -0.7930563   0.37679052]
Safe target pos: [0.60242348 0.14299162 0.03385774]
Target orientation (quat): [ 0.89516678 -0.112482   -0.40649333 -0.14417839]
Target tilt angle from normal: 25.21 deg
Stiffness (Kp_pos diag): [55.168472, 93.92514, 293.18665]
Stiffness (Kp_ori): [1.2352104, 4.6437826, 9.289573]
--------------------------
[INFO] [1789072811.629180947] [rl_env_node]: 
--- ACTION DIAGNOSTICS ---
Raw delta pos: [ 0.9396143 -0.8540938  0.3737688]
Safe target pos: [0.61441924 0.14331053 0.02585774]
Target orientation (quat): [ 0.89432397 -0.10949527 -0.40914275 -0.14421382]
Target tilt angle from normal: 25.21 deg
Stiffness (Kp_pos diag): [57.140167, 96.95427, 291.81497]
Stiffness (Kp_ori): [1.2403313, 4.8883944, 9.036884]
--------------------------
[INFO] [1789072811.672702007] [rl_env_node]: 
================================================================ OBS SNAPSHOT ================================================================
  [00:06]  joint_pos      = [+0.0934  +0.5533  +0.1533  -2.0137  +0.0563  +2.0320  +1.2590]
  [07:13]  cos(jnt_pos)   = [+0.9956  +0.8508  +0.9883  -0.4286  +0.9984  -0.4450  +0.3068]
  [14:20]  sin(jnt_pos)   = [+0.0932  +0.5255  +0.1527  -0.9035  +0.0562  +0.8955  +0.9518]
  [21:27]  joint_vel      = [-0.0339  +0.5001  -0.0484  +0.5310  -0.0140  -0.0014  -0.0016]
  [28:34]  joint_acc      = [+0.0927  +1.0475  -0.0548  +0.4073  -0.2731  -0.0284  -0.0248]
  [35:37]  eef_pos(TCP)   = [+0.4915  +0.1369  +0.0944]  (eraser tip)
  [38:41]  eef_quat       = [+0.9547  -0.1290  -0.2661  +0.0325]  (flange xyzw)
  [42:45]  eef_quat_site  = [+0.6849  -0.3608  -0.1012  -0.6249]  (grip-site xyzw)
  [46]     contact        = 1  (|Fz_net|>2N, net=19.65N, raw=-19.03N, tare=0.62N)
  [47:81]  markers (active=4):
    M0 (WIPED  )  pos=[+0.4525  -0.1144  +0.1262]  g2m=[-0.0390  -0.2513  +0.0317]
    M1 (WIPED  )  pos=[+0.4669  -0.0452  +0.1154]  g2m=[-0.0246  -0.1822  +0.0210]
    M2 (WIPED  )  pos=[+0.5104  +0.0106  +0.0835]  g2m=[+0.0189  -0.1263  -0.0110]
    M3 (WIPED  )  pos=[+0.5577  +0.0623  +0.0487]  g2m=[+0.0663  -0.0747  -0.0458]
    M4 (active )  pos=[+0.5816  +0.1400  +0.0309]  g2m=[+0.0901  +0.0031  -0.0635]
  [82:84]  g2active_wp    = [+0.0901  +0.0031  -0.0635]
  ICRA FORCE METRICS      : Fz_mean= 8.94N  Fz_peak=23.37N  Fz_violations(>10N)=70 (36.3%)
  obs_dim  = 85
=============================================================================================================================================
[INFO] [1789072811.675165113] [rl_env_node]: 
--- ACTION DIAGNOSTICS ---
Raw delta pos: [ 0.9398893  -0.8939964   0.36785567]
Safe target pos: [0.62641223 0.14372068 0.01785774]
Target orientation (quat): [ 0.89367753 -0.10683812 -0.41118888 -0.14439455]
Target tilt angle from normal: 25.21 deg
Stiffness (Kp_pos diag): [49.61972, 124.49637, 292.28568]
Stiffness (Kp_ori): [1.3040748, 5.300763, 9.032294]
--------------------------
[INFO] [1789072811.725149746] [rl_env_node]: 
--- ACTION DIAGNOSTICS ---
Raw delta pos: [ 0.92117786 -0.92718613  0.3927487 ]
Safe target pos: [0.63840164 0.14422475 0.00985774]
Target orientation (quat): [ 0.89314406 -0.10449861 -0.41288188 -0.14457621]
Target tilt angle from normal: 25.21 deg
Stiffness (Kp_pos diag): [48.70662, 125.0458, 287.18933]
Stiffness (Kp_ori): [1.3497335, 5.509209, 8.722483]
--------------------------
[INFO] [1789072811.774432458] [rl_env_node]: 
--- ACTION DIAGNOSTICS ---
Raw delta pos: [ 0.91716766 -0.9490087   0.36286914]
Safe target pos: [0.650386   0.14483714 0.00185774]
Target orientation (quat): [ 0.89278237 -0.1024681  -0.41404841 -0.14492707]
Target tilt angle from normal: 25.21 deg
Stiffness (Kp_pos diag): [40.076153, 152.79852, 287.843]
Stiffness (Kp_ori): [1.3974578, 6.1234207, 8.704205]
--------------------------
[INFO] [1789072811.824500331] [rl_env_node]: 
--- ACTION DIAGNOSTICS ---
Raw delta pos: [ 0.88797736 -0.9751343   0.42036307]
Safe target pos: [ 0.6623649   0.14554849 -0.00614226]
Target orientation (quat): [ 0.89260419 -0.10078847 -0.41465266 -0.14547378]
Target tilt angle from normal: 25.21 deg
Stiffness (Kp_pos diag): [45.27261, 172.7691, 283.0902]
Stiffness (Kp_ori): [1.5199267, 6.9546704, 8.336715]
--------------------------
[INFO] [1789072811.876657568] [rl_env_node]: 
--- ACTION DIAGNOSTICS ---
Raw delta pos: [ 0.84980583 -0.98354185  0.40415442]
Safe target pos: [ 0.67433768  0.14635624 -0.01414226]
Target orientation (quat): [ 0.89263248 -0.09941822 -0.4146289  -0.14630843]
Target tilt angle from normal: 25.21 deg
Stiffness (Kp_pos diag): [35.16608, 199.25133, 280.63937]
Stiffness (Kp_ori): [1.4822108, 7.5335255, 8.219823]
--------------------------
[INFO] [1789072811.927085357] [rl_env_node]: 
--- ACTION DIAGNOSTICS ---
Raw delta pos: [ 0.7174492  -0.9856526   0.30411386]
Safe target pos: [ 0.68630341  0.14726253 -0.02214226]
Target orientation (quat): [ 0.89269571 -0.0984146  -0.4144847  -0.14700805]
Target tilt angle from normal: 25.21 deg
Stiffness (Kp_pos diag): [28.963018, 195.85225, 279.5446]
Stiffness (Kp_ori): [1.3583128, 7.7855577, 7.5159965]
--------------------------
[INFO] [1789072811.975303212] [rl_env_node]: 
--- ACTION DIAGNOSTICS ---
Raw delta pos: [ 0.6146982  -0.98828006  0.3143705 ]
Safe target pos: [ 0.69826355  0.14823976 -0.03014226]
Target orientation (quat): [ 0.89302942 -0.09789917 -0.41351473 -0.14805326]
Target tilt angle from normal: 25.21 deg
Stiffness (Kp_pos diag): [30.789993, 211.88315, 279.5123]
Stiffness (Kp_ori): [1.348131, 8.108598, 6.758556]
--------------------------
[INFO] [1789072812.024998800] [rl_env_node]: 
--- ACTION DIAGNOSTICS ---
Raw delta pos: [ 0.42488575 -0.9892142   0.27590954]
Safe target pos: [ 0.71022199  0.14923761 -0.03814226]
Target orientation (quat): [ 0.89356571 -0.09829274 -0.41190223 -0.14904836]
Target tilt angle from normal: 25.21 deg
Stiffness (Kp_pos diag): [35.764973, 202.23875, 275.8991]
Stiffness (Kp_ori): [1.3744179, 8.175931, 5.934759]
--------------------------
[INFO] [1789072812.075007938] [rl_env_node]: 
--- ACTION DIAGNOSTICS ---
Raw delta pos: [ 0.22006941 -0.9874085   0.06382406]
Safe target pos: [ 0.71855202  0.14972434 -0.04614226]
Target orientation (quat): [ 0.89422701 -0.10142396 -0.4097972  -0.14878674]
Target tilt angle from normal: 25.21 deg
Stiffness (Kp_pos diag): [38.495136, 206.77654, 279.39856]
Stiffness (Kp_ori): [1.2649891, 8.532234, 5.794773]
--------------------------
[INFO] [1789072812.124879576] [rl_env_node]: 
--- ACTION DIAGNOSTICS ---
Raw delta pos: [-0.10804987 -0.98049057 -0.3382951 ]
Safe target pos: [ 0.71468832  0.14868905 -0.05414226]
Target orientation (quat): [ 0.89453115 -0.10783256 -0.40860323 -0.14570366]
Target tilt angle from normal: 25.21 deg
Stiffness (Kp_pos diag): [43.61255, 193.32645, 279.77563]
Stiffness (Kp_ori): [1.1425846, 8.721706, 5.0084505]
--------------------------
[INFO] [1789072812.173522828] [rl_env_node]: 
================================================================ OBS SNAPSHOT ================================================================
  [00:06]  joint_pos      = [+0.0870  +0.9125  +0.1363  -1.5552  +0.0511  +1.9767  +1.2571]
  [07:13]  cos(jnt_pos)   = [+0.9962  +0.6118  +0.9907  +0.0156  +0.9987  -0.3948  +0.3085]
  [14:20]  sin(jnt_pos)   = [+0.0869  +0.7910  +0.1358  -0.9999  +0.0511  +0.9188  +0.9512]
  [21:27]  joint_vel      = [-0.0014  +0.8140  -0.0050  +1.1845  -0.0010  -0.3163  +0.0006]
  [28:34]  joint_acc      = [-0.0978  -0.4828  +0.0915  +1.2225  +0.3017  +0.0289  +0.0324]
  [35:37]  eef_pos(TCP)   = [+0.5940  +0.1414  +0.0259]  (eraser tip)
  [38:41]  eef_quat       = [+0.9563  -0.1482  -0.2519  +0.0063]  (flange xyzw)
  [42:45]  eef_quat_site  = [+0.6661  -0.3643  -0.0800  -0.6459]  (grip-site xyzw)
  [46]     contact        = 1  (|Fz_net|>2N, net=24.66N, raw=-24.04N, tare=0.62N)
  [47:81]  markers (active=4):
    M0 (WIPED  )  pos=[+0.4525  -0.1144  +0.1262]  g2m=[-0.1415  -0.2558  +0.1003]
    M1 (WIPED  )  pos=[+0.4669  -0.0452  +0.1154]  g2m=[-0.1272  -0.1867  +0.0895]
    M2 (WIPED  )  pos=[+0.5104  +0.0106  +0.0835]  g2m=[-0.0836  -0.1308  +0.0576]
    M3 (WIPED  )  pos=[+0.5577  +0.0623  +0.0487]  g2m=[-0.0363  -0.0792  +0.0228]
    M4 (active )  pos=[+0.5816  +0.1400  +0.0309]  g2m=[-0.0124  -0.0014  +0.0050]
  [82:84]  g2active_wp    = [-0.0124  -0.0014  +0.0050]
  ICRA FORCE METRICS      : Fz_mean= 9.45N  Fz_peak=23.37N  Fz_violations(>10N)=80 (39.4%)
  obs_dim  = 85
=============================================================================================================================================
[INFO] [1789072812.176663262] [rl_env_node]: 
--- ACTION DIAGNOSTICS ---
Raw delta pos: [-0.1253469  -0.97841835 -0.3103904 ]
Safe target pos: [ 0.70276523  0.14733267 -0.06214226]
Target orientation (quat): [ 0.89448583 -0.11785871 -0.40825825 -0.13903102]
Target tilt angle from normal: 25.21 deg
Stiffness (Kp_pos diag): [61.516808, 190.8733, 283.39502]
Stiffness (Kp_ori): [1.1411754, 8.747271, 6.273778]
--------------------------
[INFO] [1789072812.226041895] [rl_env_node]: 
--- ACTION DIAGNOSTICS ---
Raw delta pos: [-0.40672433 -0.96769136 -0.59295726]
Safe target pos: [ 0.69080477  0.14635927 -0.07014226]
Target orientation (quat): [ 0.89407661 -0.12861762 -0.40891364 -0.12990056]
Target tilt angle from normal: 25.21 deg
Stiffness (Kp_pos diag): [71.26965, 194.11, 283.4179]
Stiffness (Kp_ori): [1.0896504, 8.968861, 5.078848]
--------------------------
[INFO] [1789072812.274861360] [rl_env_node]: 
--- ACTION DIAGNOSTICS ---
Raw delta pos: [-0.6438593 -0.949674  -0.6264909]
Safe target pos: [ 0.67882108  0.14573391 -0.06314302]
Target orientation (quat): [ 0.89493172 -0.13361646 -0.40946538 -0.11654163]
Target tilt angle from normal: 24.58 deg
Stiffness (Kp_pos diag): [89.142815, 192.0798, 279.29694]
Stiffness (Kp_ori): [1.0599753, 9.047972, 4.6172867]
--------------------------
[INFO] [1789072812.324882322] [rl_env_node]: 
--- ACTION DIAGNOSTICS ---
Raw delta pos: [-0.735759  -0.9261502 -0.7124852]
Safe target pos: [ 0.666826    0.14539008 -0.0544226 ]
Target orientation (quat): [ 0.89754844 -0.13342903 -0.40844933 -0.09885664]
Target tilt angle from normal: 23.26 deg
Stiffness (Kp_pos diag): [121.786285, 182.1037, 275.07642]
Stiffness (Kp_ori): [1.0435696, 8.748739, 5.0065255]
--------------------------
[INFO] [1789072812.374949281] [rl_env_node]: 
--- ACTION DIAGNOSTICS ---
Raw delta pos: [-0.76189935 -0.92195934 -0.693687  ]
Safe target pos: [ 0.65482689  0.14524391 -0.04569925]
Target orientation (quat): [ 0.90068066 -0.12991485 -0.4071541  -0.07824334]
Target tilt angle from normal: 21.60 deg
Stiffness (Kp_pos diag): [169.84967, 180.7453, 274.82227]
Stiffness (Kp_ori): [1.0390399, 8.542858, 5.1872363]
--------------------------
[INFO] [1789072812.424963885] [rl_env_node]: 
--- ACTION DIAGNOSTICS ---
Raw delta pos: [-0.8742134 -0.8928392 -0.7653162]
Safe target pos: [ 0.64282691  0.14522524 -0.03697526]
Target orientation (quat): [ 0.90457172 -0.12467841 -0.40367822 -0.05700174]
Target tilt angle from normal: 19.77 deg
Stiffness (Kp_pos diag): [178.99513, 208.42451, 271.3468]
Stiffness (Kp_ori): [1.0304637, 8.447781, 5.4357862]
--------------------------
[INFO] [1789072812.474859717] [rl_env_node]: 
--- ACTION DIAGNOSTICS ---
Raw delta pos: [-0.8603723 -0.8974602 -0.7067251]
Safe target pos: [ 0.63082705  0.14528455 -0.02825137]
Target orientation (quat): [ 0.90824387 -0.11784871 -0.39999633 -0.03475187]
Target tilt angle from normal: 17.97 deg
Stiffness (Kp_pos diag): [208.3447, 211.5898, 269.681]
Stiffness (Kp_ori): [1.0280278, 8.565044, 5.3921595]
--------------------------
[INFO] [1789072812.524348786] [rl_env_node]: 
--- ACTION DIAGNOSTICS ---
Raw delta pos: [-0.8950489  -0.87576693 -0.7801475 ]
Safe target pos: [ 0.61882751  0.14538888 -0.0195277 ]
Target orientation (quat): [ 0.91211553 -0.11134177 -0.39430106 -0.01322662]
Target tilt angle from normal: 16.32 deg
Stiffness (Kp_pos diag): [190.58119, 224.40802, 262.47842]
Stiffness (Kp_ori): [1.0225722, 8.485046, 6.1793256]
--------------------------
[INFO] [1789072812.585354431] [rl_env_node]: 
--- ACTION DIAGNOSTICS ---
Raw delta pos: [-0.869965   -0.8863598  -0.76237136]
Safe target pos: [ 0.60682802  0.14549947 -0.01080407]
Target orientation (quat): [ 0.9147344  -0.10617513 -0.38978382  0.00751006]
Target tilt angle from normal: 15.22 deg
Stiffness (Kp_pos diag): [201.96309, 217.83037, 264.2651]
Stiffness (Kp_ori): [1.0202065, 8.42697, 5.690824]
--------------------------
[INFO] [1789072812.624421630] [rl_env_node]: 
--- ACTION DIAGNOSTICS ---
Raw delta pos: [-0.8786403  -0.89715147 -0.65400475]
Safe target pos: [ 0.59482857  0.14561437 -0.00208047]
Target orientation (quat): [ 0.91832136 -0.10035663 -0.38193198  0.02724681]
Target tilt angle from normal: 14.15 deg
Stiffness (Kp_pos diag): [208.2875, 241.0511, 267.66357]
Stiffness (Kp_ori): [1.0266616, 8.234753, 6.7275467]
--------------------------
[INFO] [1789072812.674542123] [rl_env_node]: 🎉 [TASK COMPLETED] All markers wiped! Returning to Franka Desk Home Pose...
[INFO] [1789072812.675184823] [rl_env_node]: 
╔══════════════════════════════════════════════════════════════════════╗
║                ICRA REAL-WORLD ROLLOUT METRICS REPORT                ║
╠══════════════════════════════════════════════════════════════════════╣
║ Config: SPD_DR                Method: SPD       Duration: 16.40s  ║
╟──────────────────────────────────────────────────────────────────────╢
║ CONTACT FORCE METRICS (Surface Contact Threshold: > 3.0 N)           ║
║   • Mean Normal Force (Fz_mean)     :  10.01 N                      ║
║   • Peak Normal Force (Fz_peak)     :  26.04 N                      ║
║   • Optimal Window (5N <= Fz <= 10N):   25.8 %                      ║
║   • Safety Violations  (Fz > 10N)   :   42.3 %                      ║
║   • Hardware Violations(Fz > 15N)   :   26.3 %                      ║
╟──────────────────────────────────────────────────────────────────────╢
║ STIFFNESS / IMPEDANCE METRICS                                        ║
║   • Physical SPD Validity Rate      :  100.0 %                      ║
║   • Mean Stiffness Ellipsoid Volume : 5695.266                        ║
║   • Mean Anisotropy (Cond Number k) :   8.00                        ║
║   • Mean Riemannian Jerk (AIRM d)   : 0.3468                        ║
╚══════════════════════════════════════════════════════════════════════╝

[INFO] [1789072812.675675085] [rl_env_node]: 💾 Log report saved to franka_experiments_metrics/spd/rollout_SPD_DR_2026-09-10_22-40-12.log
[INFO] [1789072812.676043639] [rl_env_node]: 💾 JSON metrics saved to franka_experiments_metrics/spd/rollout_SPD_DR_2026-09-10_22-40-12.json
[INFO] [1789072812.676535422] [rl_env_node]: 
================================================================ OBS SNAPSHOT ================================================================
  [00:06]  joint_pos      = [+0.0895  +1.1751  +0.1329  -1.1423  +0.0503  +1.7523  +1.2571]
  [07:13]  cos(jnt_pos)   = [+0.9960  +0.3855  +0.9912  +0.4155  +0.9987  -0.1805  +0.3086]
  [14:20]  sin(jnt_pos)   = [+0.0894  +0.9227  +0.1325  -0.9096  +0.0503  +0.9836  +0.9512]
  [21:27]  joint_vel      = [+0.0158  +0.0138  -0.0011  +0.0614  -0.0029  -0.2583  -0.0064]
  [28:34]  joint_acc      = [+0.1921  -1.4205  -0.1128  -2.3034  -0.0449  +1.0892  -0.0749]
  [35:37]  eef_pos(TCP)   = [+0.6335  +0.1396  -0.0037]  (eraser tip)
  [38:41]  eef_quat       = [+0.9448  -0.1514  -0.2905  +0.0066]  (flange xyzw)
  [42:45]  eef_quat_site  = [+0.6577  -0.3927  -0.1050  -0.6342]  (grip-site xyzw)
  [46]     contact        = 1  (|Fz_net|>2N, net=12.66N, raw=-12.05N, tare=0.62N)
  [47:81]  markers (active=5):
    M0 (WIPED  )  pos=[+0.4525  -0.1144  +0.1262]  g2m=[-0.1810  -0.2540  +0.1299]
    M1 (WIPED  )  pos=[+0.4669  -0.0452  +0.1154]  g2m=[-0.1667  -0.1848  +0.1192]
    M2 (WIPED  )  pos=[+0.5104  +0.0106  +0.0835]  g2m=[-0.1231  -0.1290  +0.0872]
    M3 (WIPED  )  pos=[+0.5577  +0.0623  +0.0487]  g2m=[-0.0758  -0.0774  +0.0524]
    M4 (WIPED  )  pos=[+0.5816  +0.1400  +0.0309]  g2m=[-0.0519  +0.0004  +0.0346]
  [82:84]  g2active_wp    = [+0.0000  +0.0000  +0.0000]
  ICRA FORCE METRICS      : Fz_mean=10.01N  Fz_peak=26.04N  Fz_violations(>10N)=90 (42.3%)
  obs_dim  = 85
=============================================================================================================================================
[INFO] [1789072812.678757431] [rl_env_node]: 
--- ACTION DIAGNOSTICS ---
Raw delta pos: [-0.29322785 -0.99549544 -0.58233327]
Safe target pos: [0.5897721  0.14251831 0.15      ]
Target orientation (quat): [ 0.95064086 -0.0065551  -0.30996668  0.01263304]
Target tilt angle from normal: 0.00 deg
Stiffness (Kp_pos diag): [161.18231, 263.74658, 285.09915]
Stiffness (Kp_ori): [4.4051523, 2.6519382, 4.914261]
--------------------------
[INFO] [1789072812.724671611] [rl_env_node]: 
--- ACTION DIAGNOSTICS ---
Raw delta pos: [-0.09902477 -0.9907439  -0.7340859 ]
Safe target pos: [0.58257989 0.13811454 0.15537393]
Target orientation (quat): [ 0.95064086 -0.0065551  -0.30996668  0.01263304]
Target tilt angle from normal: 0.00 deg
Stiffness (Kp_pos diag): [141.66978, 248.56862, 279.5968]
Stiffness (Kp_ori): [4.6351886, 1.5858148, 6.1106515]
--------------------------
[INFO] [1789072812.778793131] [rl_env_node]: 
--- ACTION DIAGNOSTICS ---
Raw delta pos: [-0.42613196 -0.9922937  -0.7965014 ]
Safe target pos: [0.57538769 0.13371078 0.16074786]
Target orientation (quat): [ 0.95064086 -0.0065551  -0.30996668  0.01263304]
Target tilt angle from normal: 0.00 deg
Stiffness (Kp_pos diag): [197.33783, 261.5251, 287.3535]
Stiffness (Kp_ori): [3.6911354, 1.4288251, 5.174923]
--------------------------
[INFO] [1789072812.829508588] [rl_env_node]: 
--- ACTION DIAGNOSTICS ---
Raw delta pos: [-0.38411492 -0.98738974 -0.8182454 ]
Safe target pos: [0.56819549 0.12930702 0.16612178]
Target orientation (quat): [ 0.95064086 -0.0065551  -0.30996668  0.01263304]
Target tilt angle from normal: 0.00 deg
Stiffness (Kp_pos diag): [208.88167, 253.03505, 293.67944]
Stiffness (Kp_ori): [3.7348237, 1.2015517, 4.213535]
--------------------------
[INFO] [1789072812.874765462] [rl_env_node]: 
--- ACTION DIAGNOSTICS ---
Raw delta pos: [-0.583184  -0.9913043 -0.6992762]
Safe target pos: [0.56100329 0.12490325 0.17149571]
Target orientation (quat): [ 0.95064086 -0.0065551  -0.30996668  0.01263304]
Target tilt angle from normal: 0.00 deg
Stiffness (Kp_pos diag): [254.19618, 260.02478, 297.42133]
Stiffness (Kp_ori): [5.9701247, 1.3227148, 2.8612816]
--------------------------
[INFO] [1789072812.924066694] [rl_env_node]: 
--- ACTION DIAGNOSTICS ---
Raw delta pos: [-0.61155224 -0.9870602  -0.7940345 ]
Safe target pos: [0.55381109 0.12049949 0.17686964]
Target orientation (quat): [ 0.95064086 -0.0065551  -0.30996668  0.01263304]
Target tilt angle from normal: 0.00 deg
Stiffness (Kp_pos diag): [260.7226, 241.68086, 298.31024]
Stiffness (Kp_ori): [6.3262763, 1.25606, 3.035326]
--------------------------
[INFO] [1789072812.980896596] [rl_env_node]: 
--- ACTION DIAGNOSTICS ---
Raw delta pos: [-0.5902894 -0.9815821 -0.8278573]
Safe target pos: [0.54661888 0.11609573 0.18224357]
Target orientation (quat): [ 0.95064086 -0.0065551  -0.30996668  0.01263304]
Target tilt angle from normal: 0.00 deg
Stiffness (Kp_pos diag): [260.9513, 230.7713, 298.69473]
Stiffness (Kp_ori): [6.574112, 1.3037865, 3.2698405]
--------------------------
[INFO] [1789072813.024811597] [rl_env_node]: 
--- ACTION DIAGNOSTICS ---
Raw delta pos: [-0.6183603 -0.9777787 -0.8633815]
Safe target pos: [0.53942668 0.11169196 0.18761749]
Target orientation (quat): [ 0.95064086 -0.0065551  -0.30996668  0.01263304]
Target tilt angle from normal: 0.00 deg
Stiffness (Kp_pos diag): [257.59326, 230.65303, 299.11127]
Stiffness (Kp_ori): [6.6837354, 1.4212626, 3.9580157]
--------------------------
[INFO] [1789072813.074120280] [rl_env_node]: 
--- ACTION DIAGNOSTICS ---
Raw delta pos: [-0.7830635  -0.96662813 -0.9236987 ]
Safe target pos: [0.53223448 0.1072882  0.19299142]
Target orientation (quat): [ 0.95064086 -0.0065551  -0.30996668  0.01263304]
Target tilt angle from normal: 0.00 deg
Stiffness (Kp_pos diag): [255.66927, 209.05833, 298.17743]
Stiffness (Kp_ori): [3.919341, 1.343149, 4.4012437]
--------------------------
[INFO] [1789072813.128894626] [rl_env_node]: 
--- ACTION DIAGNOSTICS ---
Raw delta pos: [-0.6255882  -0.96655524 -0.8676922 ]
Safe target pos: [0.52504228 0.10288444 0.19836535]
Target orientation (quat): [ 0.95064086 -0.0065551  -0.30996668  0.01263304]
Target tilt angle from normal: 0.00 deg
Stiffness (Kp_pos diag): [260.64444, 247.18964, 299.33517]
Stiffness (Kp_ori): [6.2473445, 1.8310881, 4.706143]
--------------------------
[INFO] [1789072813.179153714] [rl_env_node]: 
--- ACTION DIAGNOSTICS ---
Raw delta pos: [-0.5321239  -0.9591045  -0.88969284]
Safe target pos: [0.51785008 0.09848067 0.20373928]
Target orientation (quat): [ 0.95064086 -0.0065551  -0.30996668  0.01263304]
Target tilt angle from normal: 0.00 deg
Stiffness (Kp_pos diag): [255.58464, 246.54675, 299.3388]
Stiffness (Kp_ori): [6.5079427, 1.8004951, 4.6935763]
--------------------------
[INFO] [1789072813.222523525] [rl_env_node]: 
================================================================ OBS SNAPSHOT ================================================================
  [00:06]  joint_pos      = [+0.0884  +0.8923  +0.1362  -1.1890  +0.0503  +1.2885  +1.2289]
  [07:13]  cos(jnt_pos)   = [+0.9961  +0.6276  +0.9907  +0.3726  +0.9987  +0.2786  +0.3352]
  [14:20]  sin(jnt_pos)   = [+0.0883  +0.7785  +0.1358  -0.9280  +0.0503  +0.9604  +0.9421]
  [21:27]  joint_vel      = [-0.0558  -0.4978  -0.0071  -0.5195  +0.0019  -0.5322  -0.0962]
  [28:34]  joint_acc      = [-0.2701  +1.2056  -0.0793  -2.5075  +0.0191  +3.5866  -0.3127]
  [35:37]  eef_pos(TCP)   = [+0.6020  +0.1321  +0.1774]  (eraser tip)
  [38:41]  eef_quat       = [+0.9138  -0.1058  -0.3892  +0.0467]  (flange xyzw)
  [42:45]  eef_quat_site  = [+0.6672  -0.4273  -0.2030  -0.5753]  (grip-site xyzw)
  [46]     contact        = 0  (|Fz_net|>2N, net=1.10N, raw=1.71N, tare=0.62N)
  [47:81]  markers (active=5):
    M0 (WIPED  )  pos=[+0.4525  -0.1144  +0.1262]  g2m=[-0.1495  -0.2465  -0.0513]
    M1 (WIPED  )  pos=[+0.4669  -0.0452  +0.1154]  g2m=[-0.1351  -0.1774  -0.0620]
    M2 (WIPED  )  pos=[+0.5104  +0.0106  +0.0835]  g2m=[-0.0916  -0.1215  -0.0940]
    M3 (WIPED  )  pos=[+0.5577  +0.0623  +0.0487]  g2m=[-0.0442  -0.0699  -0.1288]
    M4 (WIPED  )  pos=[+0.5816  +0.1400  +0.0309]  g2m=[-0.0204  +0.0079  -0.1465]
  [82:84]  g2active_wp    = [+0.0000  +0.0000  +0.0000]
  ICRA FORCE METRICS      : Fz_mean= 9.90N  Fz_peak=26.04N  Fz_violations(>10N)=91 (41.7%)
  obs_dim  = 85
=============================================================================================================================================
[INFO] [1789072813.224721406] [rl_env_node]: 
--- ACTION DIAGNOSTICS ---
Raw delta pos: [-0.5715795  -0.96148425 -0.88160294]
Safe target pos: [0.51065787 0.09407691 0.20911321]
Target orientation (quat): [ 0.95064086 -0.0065551  -0.30996668  0.01263304]
Target tilt angle from normal: 0.00 deg
Stiffness (Kp_pos diag): [252.03526, 262.06, 299.17502]
Stiffness (Kp_ori): [5.9488153, 2.1500795, 5.145394]
--------------------------
[INFO] [1789072813.281198030] [rl_env_node]: 
--- ACTION DIAGNOSTICS ---
Raw delta pos: [-0.4124987  -0.95108503 -0.9154987 ]
Safe target pos: [0.50346567 0.08967315 0.21448713]
Target orientation (quat): [ 0.95064086 -0.0065551  -0.30996668  0.01263304]
Target tilt angle from normal: 0.00 deg
Stiffness (Kp_pos diag): [248.67941, 253.14752, 299.21606]
Stiffness (Kp_ori): [6.220661, 1.9110751, 4.600711]
--------------------------
[INFO] [1789072813.324643823] [rl_env_node]: 
--- ACTION DIAGNOSTICS ---
Raw delta pos: [-0.58939224 -0.93999505 -0.97459996]
Safe target pos: [0.49627347 0.08526939 0.21986106]
Target orientation (quat): [ 0.95064086 -0.0065551  -0.30996668  0.01263304]
Target tilt angle from normal: 0.00 deg
Stiffness (Kp_pos diag): [253.55382, 224.33804, 298.7211]
Stiffness (Kp_ori): [2.4683151, 1.8540038, 4.8842545]
--------------------------
[INFO] [1789072813.377137908] [rl_env_node]: 
--- ACTION DIAGNOSTICS ---
Raw delta pos: [-0.28707492 -0.94469386 -0.93671536]
Safe target pos: [0.48908127 0.08086562 0.22523499]
Target orientation (quat): [ 0.95064086 -0.0065551  -0.30996668  0.01263304]
Target tilt angle from normal: 0.00 deg
Stiffness (Kp_pos diag): [247.4042, 255.85097, 299.12473]
Stiffness (Kp_ori): [6.1314535, 2.0889065, 4.4020467]
--------------------------
[INFO] [1789072813.424148955] [rl_env_node]: 
--- ACTION DIAGNOSTICS ---
Raw delta pos: [-0.31582588 -0.9552082  -0.94095385]
Safe target pos: [0.48188907 0.07646186 0.23060892]
Target orientation (quat): [ 0.95064086 -0.0065551  -0.30996668  0.01263304]
Target tilt angle from normal: 0.00 deg
Stiffness (Kp_pos diag): [241.2317, 263.86377, 299.09872]
Stiffness (Kp_ori): [5.84716, 2.495181, 4.674226]
--------------------------
[INFO] [1789072813.474805275] [rl_env_node]: 
--- ACTION DIAGNOSTICS ---
Raw delta pos: [-0.22705495 -0.9417825  -0.95392126]
Safe target pos: [0.47469686 0.0720581  0.23598285]
Target orientation (quat): [ 0.95064086 -0.0065551  -0.30996668  0.01263304]
Target tilt angle from normal: 0.00 deg
Stiffness (Kp_pos diag): [237.53795, 264.20328, 299.06454]
Stiffness (Kp_ori): [5.8535414, 2.3560038, 4.529476]
--------------------------
[INFO] [1789072813.529027235] [rl_env_node]: 
--- ACTION DIAGNOSTICS ---
Raw delta pos: [-0.14619148 -0.93886137 -0.9684019 ]
Safe target pos: [0.46750466 0.06765433 0.24135677]
Target orientation (quat): [ 0.95064086 -0.0065551  -0.30996668  0.01263304]
Target tilt angle from normal: 0.00 deg
Stiffness (Kp_pos diag): [237.5904, 259.36215, 299.02567]
Stiffness (Kp_ori): [5.7274055, 2.2749577, 4.561359]
--------------------------
[INFO] [1789072813.574138773] [rl_env_node]: 
--- ACTION DIAGNOSTICS ---
Raw delta pos: [-0.14381641 -0.930236   -0.9721709 ]
Safe target pos: [0.46031246 0.06325057 0.2467307 ]
Target orientation (quat): [ 0.95064086 -0.0065551  -0.30996668  0.01263304]
Target tilt angle from normal: 0.00 deg
Stiffness (Kp_pos diag): [234.13095, 262.52914, 299.01965]
Stiffness (Kp_ori): [5.5708303, 2.415403, 4.567846]
--------------------------
[INFO] [1789072813.626485423] [rl_env_node]: 
--- ACTION DIAGNOSTICS ---
Raw delta pos: [-0.03966969 -0.921987   -0.97930515]
Safe target pos: [0.45312026 0.05884681 0.25210463]
Target orientation (quat): [ 0.95064086 -0.0065551  -0.30996668  0.01263304]
Target tilt angle from normal: 0.00 deg
Stiffness (Kp_pos diag): [225.4892, 257.20535, 299.0945]
Stiffness (Kp_ori): [5.8071704, 2.282402, 4.650817]
--------------------------
[INFO] [1789072813.674298891] [rl_env_node]: 
--- ACTION DIAGNOSTICS ---
Raw delta pos: [-0.05426782 -0.9159987  -0.9833693 ]
Safe target pos: [0.44592806 0.05444304 0.25747856]
Target orientation (quat): [ 0.95064086 -0.0065551  -0.30996668  0.01263304]
Target tilt angle from normal: 0.00 deg
Stiffness (Kp_pos diag): [222.0348, 263.48093, 299.1057]
Stiffness (Kp_ori): [5.774139, 2.4351115, 4.7146564]
--------------------------
[INFO] [1789072813.722633635] [rl_env_node]: 
================================================================ OBS SNAPSHOT ================================================================
  [00:06]  joint_pos      = [+0.0412  +0.6446  +0.1215  -1.5689  +0.0499  +1.1817  +1.1439]
  [07:13]  cos(jnt_pos)   = [+0.9991  +0.7994  +0.9926  +0.0019  +0.9988  +0.3794  +0.4141]
  [14:20]  sin(jnt_pos)   = [+0.0412  +0.6008  +0.1212  -1.0000  +0.0499  +0.9252  +0.9102]
  [21:27]  joint_vel      = [-0.1546  -0.6202  -0.0040  -0.8356  -0.0011  -0.0661  -0.1937]
  [28:34]  joint_acc      = [-0.4050  -1.0627  +0.3612  +0.1646  -0.0264  +1.0495  -0.1162]
  [35:37]  eef_pos(TCP)   = [+0.5061  +0.0883  +0.2145]  (eraser tip)
  [38:41]  eef_quat       = [+0.8649  -0.0804  -0.4910  +0.0660]  (flange xyzw)
  [42:45]  eef_quat_site  = [+0.6476  -0.4767  -0.2909  -0.5184]  (grip-site xyzw)
  [46]     contact        = 0  (|Fz_net|>2N, net=0.59N, raw=0.03N, tare=0.62N)
  [47:81]  markers (active=5):
    M0 (WIPED  )  pos=[+0.4525  -0.1144  +0.1262]  g2m=[-0.0537  -0.2027  -0.0884]
    M1 (WIPED  )  pos=[+0.4669  -0.0452  +0.1154]  g2m=[-0.0393  -0.1335  -0.0991]
    M2 (WIPED  )  pos=[+0.5104  +0.0106  +0.0835]  g2m=[+0.0042  -0.0777  -0.1311]
    M3 (WIPED  )  pos=[+0.5577  +0.0623  +0.0487]  g2m=[+0.0516  -0.0260  -0.1659]
    M4 (WIPED  )  pos=[+0.5816  +0.1400  +0.0309]  g2m=[+0.0755  +0.0517  -0.1836]
  [82:84]  g2active_wp    = [+0.0000  +0.0000  +0.0000]
  ICRA FORCE METRICS      : Fz_mean= 9.87N  Fz_peak=26.04N  Fz_violations(>10N)=91 (41.6%)
  obs_dim  = 85
=============================================================================================================================================
[INFO] [1789072813.724940519] [rl_env_node]: 
--- ACTION DIAGNOSTICS ---
Raw delta pos: [ 0.01211131 -0.91403663 -0.9860842 ]
Safe target pos: [0.43873585 0.05003928 0.26285248]
Target orientation (quat): [ 0.95064086 -0.0065551  -0.30996668  0.01263304]
Target tilt angle from normal: 0.00 deg
Stiffness (Kp_pos diag): [208.10664, 262.97345, 299.151]
Stiffness (Kp_ori): [6.1640635, 2.3677223, 4.927115]
--------------------------
[INFO] [1789072813.774862122] [rl_env_node]: 
--- ACTION DIAGNOSTICS ---
Raw delta pos: [ 0.09660745 -0.8636329  -0.99378484]
Safe target pos: [0.43154365 0.04563552 0.26822641]
Target orientation (quat): [ 0.95064086 -0.0065551  -0.30996668  0.01263304]
Target tilt angle from normal: 0.00 deg
Stiffness (Kp_pos diag): [208.16553, 233.46855, 298.6686]
Stiffness (Kp_ori): [2.900494, 2.1196008, 5.5602107]
--------------------------
[INFO] [1789072813.827069462] [rl_env_node]: 
--- ACTION DIAGNOSTICS ---
Raw delta pos: [ 0.07921457 -0.903916   -0.9910423 ]
Safe target pos: [0.42435145 0.04123175 0.27360034]
Target orientation (quat): [ 0.95064086 -0.0065551  -0.30996668  0.01263304]
Target tilt angle from normal: 0.00 deg
Stiffness (Kp_pos diag): [196.25089, 260.0301, 299.15567]
Stiffness (Kp_ori): [6.499047, 2.6552594, 5.131477]
--------------------------
[INFO] [1789072813.880965862] [rl_env_node]: 
--- ACTION DIAGNOSTICS ---
Raw delta pos: [ 0.1445769 -0.8945787 -0.9923914]
Safe target pos: [0.41715925 0.03682799 0.27897427]
Target orientation (quat): [ 0.95064086 -0.0065551  -0.30996668  0.01263304]
Target tilt angle from normal: 0.00 deg
Stiffness (Kp_pos diag): [190.47687, 255.28688, 299.22034]
Stiffness (Kp_ori): [6.793681, 2.6297803, 4.980449]
--------------------------
[INFO] [1789072813.923782506] [rl_env_node]: 
--- ACTION DIAGNOSTICS ---
Raw delta pos: [ 0.17289102 -0.89232934 -0.9929337 ]
Safe target pos: [0.41715925 0.03682799 0.27897427]
Target orientation (quat): [ 0.95064086 -0.0065551  -0.30996668  0.01263304]
Target tilt angle from normal: 0.00 deg
Stiffness (Kp_pos diag): [191.6632, 251.33046, 299.27615]
Stiffness (Kp_ori): [7.1754527, 2.5665421, 4.9758244]
--------------------------
[INFO] [1789072813.974832081] [rl_env_node]: 
--- ACTION DIAGNOSTICS ---
Raw delta pos: [ 0.17284143 -0.88767105 -0.9930602 ]
Safe target pos: [0.41715925 0.03682799 0.27897427]
Target orientation (quat): [ 0.95064086 -0.0065551  -0.30996668  0.01263304]
Target tilt angle from normal: 0.00 deg
Stiffness (Kp_pos diag): [188.71861, 250.98643, 299.34198]
Stiffness (Kp_ori): [7.3305316, 2.6181571, 5.0742702]
--------------------------
[INFO] [1789072814.023922898] [rl_env_node]: 
--- ACTION DIAGNOSTICS ---
Raw delta pos: [ 0.18514884 -0.87126905 -0.9932758 ]
Safe target pos: [0.41715925 0.03682799 0.27897427]
Target orientation (quat): [ 0.95064086 -0.0065551  -0.30996668  0.01263304]
Target tilt angle from normal: 0.00 deg
Stiffness (Kp_pos diag): [194.3051, 246.29782, 299.4026]
Stiffness (Kp_ori): [7.59837, 2.6495085, 5.0859838]
--------------------------
[INFO] [1789072814.074847088] [rl_env_node]: 
--- ACTION DIAGNOSTICS ---
Raw delta pos: [ 0.16316605 -0.87125266 -0.9933797 ]
Safe target pos: [0.41715925 0.03682799 0.27897427]
Target orientation (quat): [ 0.95064086 -0.0065551  -0.30996668  0.01263304]
Target tilt angle from normal: 0.00 deg
Stiffness (Kp_pos diag): [192.14897, 242.02515, 299.45062]
Stiffness (Kp_ori): [7.66442, 2.8088827, 5.146211]
--------------------------
[INFO] [1789072814.125009228] [rl_env_node]: 
--- ACTION DIAGNOSTICS ---
Raw delta pos: [ 0.1051333 -0.8637699 -0.9922124]
Safe target pos: [0.41715925 0.03682799 0.27897427]
Target orientation (quat): [ 0.95064086 -0.0065551  -0.30996668  0.01263304]
Target tilt angle from normal: 0.00 deg
Stiffness (Kp_pos diag): [188.46173, 245.46173, 299.4496]
Stiffness (Kp_ori): [7.8047247, 2.9186716, 5.3831763]
--------------------------
[INFO] [1789072814.181009115] [rl_env_node]: 
--- ACTION DIAGNOSTICS ---
Raw delta pos: [ 0.09686339 -0.8839547  -0.9926032 ]
Safe target pos: [0.41715925 0.03682799 0.27897427]
Target orientation (quat): [ 0.95064086 -0.0065551  -0.30996668  0.01263304]
Target tilt angle from normal: 0.00 deg
Stiffness (Kp_pos diag): [190.809, 244.76692, 299.51834]
Stiffness (Kp_ori): [7.888188, 3.0663924, 5.2558737]
--------------------------
[INFO] [1789072814.222766087] [rl_env_node]: 
================================================================ OBS SNAPSHOT ================================================================
  [00:06]  joint_pos      = [-0.0306  +0.3299  +0.1210  -1.9352  +0.0485  +1.1882  +1.0579]
  [07:13]  cos(jnt_pos)   = [+0.9995  +0.9461  +0.9927  -0.3564  +0.9988  +0.3734  +0.4907]
  [14:20]  sin(jnt_pos)   = [-0.0306  +0.3239  +0.1207  -0.9344  +0.0485  +0.9277  +0.8713]
  [21:27]  joint_vel      = [-0.0467  -0.4241  -0.0008  -0.4404  +0.0008  +0.1527  -0.1155]
  [28:34]  joint_acc      = [+0.7923  +1.9597  -0.0198  +2.1829  +0.0417  +1.4659  +0.4234]
  [35:37]  eef_pos(TCP)   = [+0.4203  +0.0470  +0.2682]  (eraser tip)
  [38:41]  eef_quat       = [+0.8552  -0.0744  -0.5104  +0.0504]  (flange xyzw)
  [42:45]  eef_quat_site  = [+0.6303  -0.4851  -0.3100  -0.5209]  (grip-site xyzw)
  [46]     contact        = 0  (|Fz_net|>2N, net=0.58N, raw=0.03N, tare=0.62N)
  [47:81]  markers (active=5):
    M0 (WIPED  )  pos=[+0.4525  -0.1144  +0.1262]  g2m=[+0.0322  -0.1613  -0.1420]
    M1 (WIPED  )  pos=[+0.4669  -0.0452  +0.1154]  g2m=[+0.0466  -0.0922  -0.1527]
    M2 (WIPED  )  pos=[+0.5104  +0.0106  +0.0835]  g2m=[+0.0901  -0.0363  -0.1847]
    M3 (WIPED  )  pos=[+0.5577  +0.0623  +0.0487]  g2m=[+0.1375  +0.0153  -0.2195]
    M4 (WIPED  )  pos=[+0.5816  +0.1400  +0.0309]  g2m=[+0.1613  +0.0931  -0.2372]
  [82:84]  g2active_wp    = [+0.0000  +0.0000  +0.0000]
  ICRA FORCE METRICS      : Fz_mean= 9.83N  Fz_peak=26.04N  Fz_violations(>10N)=91 (41.4%)
  obs_dim  = 85
=============================================================================================================================================
[INFO] [1789072814.226972690] [rl_env_node]: 
--- ACTION DIAGNOSTICS ---
Raw delta pos: [ 0.07857311 -0.87957335 -0.99105495]
Safe target pos: [0.41715925 0.03682799 0.27897427]
Target orientation (quat): [ 0.95064086 -0.0065551  -0.30996668  0.01263304]
Target tilt angle from normal: 0.00 deg
Stiffness (Kp_pos diag): [180.1648, 249.325, 299.47922]
Stiffness (Kp_ori): [7.9947033, 3.196023, 5.539323]
--------------------------
[INFO] [1789072814.274803657] [rl_env_node]: 
--- ACTION DIAGNOSTICS ---
Raw delta pos: [ 0.06244361 -0.8889533  -0.99000776]
Safe target pos: [0.41715925 0.03682799 0.27897427]
Target orientation (quat): [ 0.95064086 -0.0065551  -0.30996668  0.01263304]
Target tilt angle from normal: 0.00 deg
Stiffness (Kp_pos diag): [184.33331, 247.24272, 299.50827]
Stiffness (Kp_ori): [8.025551, 3.3423874, 5.544412]
--------------------------
[INFO] [1789072814.324917458] [rl_env_node]: 
--- ACTION DIAGNOSTICS ---
Raw delta pos: [ 0.09561169 -0.88402915 -0.9890468 ]
Safe target pos: [0.41715925 0.03682799 0.27897427]
Target orientation (quat): [ 0.95064086 -0.0065551  -0.30996668  0.01263304]
Target tilt angle from normal: 0.00 deg
Stiffness (Kp_pos diag): [182.41843, 245.28067, 299.493]
Stiffness (Kp_ori): [7.8880415, 3.3488681, 5.6082144]
--------------------------
[INFO] [1789072814.385773368] [rl_env_node]: 
--- ACTION DIAGNOSTICS ---
Raw delta pos: [ 0.10762084 -0.89024353 -0.9884602 ]
Safe target pos: [0.41715925 0.03682799 0.27897427]
Target orientation (quat): [ 0.95064086 -0.0065551  -0.30996668  0.01263304]
Target tilt angle from normal: 0.00 deg
Stiffness (Kp_pos diag): [185.95003, 244.82484, 299.5125]
Stiffness (Kp_ori): [8.055753, 3.3037126, 5.329661]
--------------------------
[INFO] [1789072814.429072842] [rl_env_node]: 
--- ACTION DIAGNOSTICS ---
Raw delta pos: [ 0.07884169 -0.9002292  -0.9874681 ]
Safe target pos: [0.41715925 0.03682799 0.27897427]
Target orientation (quat): [ 0.95064086 -0.0065551  -0.30996668  0.01263304]
Target tilt angle from normal: 0.00 deg
Stiffness (Kp_pos diag): [177.98204, 250.78363, 299.5062]
Stiffness (Kp_ori): [7.975138, 3.381286, 5.492547]
--------------------------
[INFO] [1789072814.489060968] [rl_env_node]: 
--- ACTION DIAGNOSTICS ---
Raw delta pos: [ 0.10386658 -0.90135515 -0.98760897]
Safe target pos: [0.41715925 0.03682799 0.27897427]
Target orientation (quat): [ 0.95064086 -0.0065551  -0.30996668  0.01263304]
Target tilt angle from normal: 0.00 deg
Stiffness (Kp_pos diag): [179.21866, 249.33592, 299.4789]
Stiffness (Kp_ori): [8.044125, 3.410342, 5.2777467]
--------------------------
[INFO] [1789072814.523951043] [rl_env_node]: 
--- ACTION DIAGNOSTICS ---
Raw delta pos: [ 0.10711884 -0.88949686 -0.986746  ]
Safe target pos: [0.41715925 0.03682799 0.27897427]
Target orientation (quat): [ 0.95064086 -0.0065551  -0.30996668  0.01263304]
Target tilt angle from normal: 0.00 deg
Stiffness (Kp_pos diag): [181.29779, 244.65707, 299.42966]
Stiffness (Kp_ori): [7.8761334, 3.411838, 5.3219132]
--------------------------
[INFO] [1789072814.576983945] [rl_env_node]: 
--- ACTION DIAGNOSTICS ---
Raw delta pos: [ 0.09134853 -0.90574986 -0.98872435]
Safe target pos: [0.41715925 0.03682799 0.27897427]
Target orientation (quat): [ 0.95064086 -0.0065551  -0.30996668  0.01263304]
Target tilt angle from normal: 0.00 deg
Stiffness (Kp_pos diag): [190.28416, 245.4782, 299.4849]
Stiffness (Kp_ori): [8.021486, 3.5020208, 4.8837]
--------------------------
[INFO] [1789072814.624473584] [rl_env_node]: 
--- ACTION DIAGNOSTICS ---
Raw delta pos: [ 0.104774   -0.90470344 -0.98906416]
Safe target pos: [0.41715925 0.03682799 0.27897427]
Target orientation (quat): [ 0.95064086 -0.0065551  -0.30996668  0.01263304]
Target tilt angle from normal: 0.00 deg
Stiffness (Kp_pos diag): [193.25087, 242.52328, 299.50543]
Stiffness (Kp_ori): [8.023184, 3.4444659, 4.777738]
--------------------------
[INFO] [1789072814.674721910] [rl_env_node]: 
--- ACTION DIAGNOSTICS ---
Raw delta pos: [ 0.08251345 -0.90790766 -0.9893505 ]
Safe target pos: [0.41715925 0.03682799 0.27897427]
Target orientation (quat): [ 0.95064086 -0.0065551  -0.30996668  0.01263304]
Target tilt angle from normal: 0.00 deg
Stiffness (Kp_pos diag): [192.2636, 245.00125, 299.52463]
Stiffness (Kp_ori): [8.002058, 3.4417655, 4.7969866]
--------------------------
[INFO] [1789072814.722827051] [rl_env_node]: 
================================================================ OBS SNAPSHOT ================================================================
  [00:06]  joint_pos      = [-0.0326  +0.2711  +0.1211  -2.0098  +0.0485  +1.2551  +1.0292]
  [07:13]  cos(jnt_pos)   = [+0.9995  +0.9635  +0.9927  -0.4251  +0.9988  +0.3105  +0.5155]
  [14:20]  sin(jnt_pos)   = [-0.0326  +0.2678  +0.1208  -0.9052  +0.0485  +0.9506  +0.8569]
  [21:27]  joint_vel      = [-0.0001  +0.0005  +0.0004  -0.0018  -0.0000  +0.0669  -0.0394]
  [28:34]  joint_acc      = [-0.0071  +0.0293  +0.0325  +0.0933  -0.0098  -0.0348  +0.0589]
  [35:37]  eef_pos(TCP)   = [+0.4098  +0.0457  +0.2670]  (eraser tip)
  [38:41]  eef_quat       = [+0.8686  -0.0662  -0.4892  +0.0425]  (flange xyzw)
  [42:45]  eef_quat_site  = [+0.6350  -0.4656  -0.3016  -0.5377]  (grip-site xyzw)
  [46]     contact        = 0  (|Fz_net|>2N, net=0.56N, raw=0.06N, tare=0.62N)
  [47:81]  markers (active=5):
    M0 (WIPED  )  pos=[+0.4525  -0.1144  +0.1262]  g2m=[+0.0426  -0.1601  -0.1408]
    M1 (WIPED  )  pos=[+0.4669  -0.0452  +0.1154]  g2m=[+0.0570  -0.0910  -0.1516]
    M2 (WIPED  )  pos=[+0.5104  +0.0106  +0.0835]  g2m=[+0.1006  -0.0351  -0.1835]
    M3 (WIPED  )  pos=[+0.5577  +0.0623  +0.0487]  g2m=[+0.1479  +0.0165  -0.2183]
    M4 (WIPED  )  pos=[+0.5816  +0.1400  +0.0309]  g2m=[+0.1718  +0.0943  -0.2361]
  [82:84]  g2active_wp    = [+0.0000  +0.0000  +0.0000]
  ICRA FORCE METRICS      : Fz_mean= 9.83N  Fz_peak=26.04N  Fz_violations(>10N)=91 (41.4%)
  obs_dim  = 85
=============================================================================================================================================
[INFO] [1789072814.729245880] [rl_env_node]: 
--- ACTION DIAGNOSTICS ---
Raw delta pos: [ 0.07091868 -0.9071419  -0.9891236 ]
Safe target pos: [0.41715925 0.03682799 0.27897427]
Target orientation (quat): [ 0.95064086 -0.0065551  -0.30996668  0.01263304]
Target tilt angle from normal: 0.00 deg
Stiffness (Kp_pos diag): [192.77118, 245.0001, 299.52054]
Stiffness (Kp_ori): [8.02149, 3.4739313, 4.8376927]
--------------------------
[INFO] [1789072814.774098753] [rl_env_node]: 
--- ACTION DIAGNOSTICS ---
Raw delta pos: [ 0.06384563 -0.90867835 -0.9891923 ]
Safe target pos: [0.41715925 0.03682799 0.27897427]
Target orientation (quat): [ 0.95064086 -0.0065551  -0.30996668  0.01263304]
Target tilt angle from normal: 0.00 deg
Stiffness (Kp_pos diag): [191.99829, 245.33978, 299.5194]
Stiffness (Kp_ori): [8.021294, 3.5156236, 4.832347]
--------------------------
[INFO] [1789072814.824056782] [rl_env_node]: 
--- ACTION DIAGNOSTICS ---
Raw delta pos: [ 0.07371736 -0.91217923 -0.98936284]
Safe target pos: [0.41715925 0.03682799 0.27897427]
Target orientation (quat): [ 0.95064086 -0.0065551  -0.30996668  0.01263304]
Target tilt angle from normal: 0.00 deg
Stiffness (Kp_pos diag): [190.3394, 245.63687, 299.53244]
Stiffness (Kp_ori): [8.020279, 3.487609, 4.8167105]
--------------------------
[INFO] [1789072814.874286691] [rl_env_node]: 
--- ACTION DIAGNOSTICS ---
Raw delta pos: [ 0.06592155 -0.90948856 -0.98909086]
Safe target pos: [0.41715925 0.03682799 0.27897427]
Target orientation (quat): [ 0.95064086 -0.0065551  -0.30996668  0.01263304]
Target tilt angle from normal: 0.00 deg
Stiffness (Kp_pos diag): [191.00005, 245.55519, 299.51556]
Stiffness (Kp_ori): [8.043051, 3.5003445, 4.85926]
--------------------------
[INFO] [1789072814.924211379] [rl_env_node]: 
--- ACTION DIAGNOSTICS ---
Raw delta pos: [ 0.06124914 -0.9101068  -0.9890508 ]
Safe target pos: [0.41715925 0.03682799 0.27897427]
Target orientation (quat): [ 0.95064086 -0.0065551  -0.30996668  0.01263304]
Target tilt angle from normal: 0.00 deg
Stiffness (Kp_pos diag): [191.73495, 244.21996, 299.5153]
Stiffness (Kp_ori): [8.029628, 3.5652542, 4.8663764]
--------------------------
[INFO] [1789072814.974299277] [rl_env_node]: 
--- ACTION DIAGNOSTICS ---
Raw delta pos: [ 0.05829573 -0.91306645 -0.98902315]
Safe target pos: [0.41715925 0.03682799 0.27897427]
Target orientation (quat): [ 0.95064086 -0.0065551  -0.30996668  0.01263304]
Target tilt angle from normal: 0.00 deg
Stiffness (Kp_pos diag): [188.47203, 246.32843, 299.51675]
Stiffness (Kp_ori): [8.041547, 3.5414124, 4.880381]
--------------------------
[INFO] [1789072815.024200103] [rl_env_node]: 
--- ACTION DIAGNOSTICS ---
Raw delta pos: [ 0.07207131 -0.90790254 -0.9890291 ]
Safe target pos: [0.41715925 0.03682799 0.27897427]
Target orientation (quat): [ 0.95064086 -0.0065551  -0.30996668  0.01263304]
Target tilt angle from normal: 0.00 deg
Stiffness (Kp_pos diag): [191.61523, 241.89337, 299.49936]
Stiffness (Kp_ori): [8.010103, 3.5660872, 4.8685856]
--------------------------
[INFO] [1789072815.081106245] [rl_env_node]: 
--- ACTION DIAGNOSTICS ---
Raw delta pos: [ 0.05907071 -0.9102713  -0.9890325 ]
Safe target pos: [0.41715925 0.03682799 0.27897427]
Target orientation (quat): [ 0.95064086 -0.0065551  -0.30996668  0.01263304]
Target tilt angle from normal: 0.00 deg
Stiffness (Kp_pos diag): [191.82285, 242.54248, 299.5068]
Stiffness (Kp_ori): [8.000593, 3.5866117, 4.8588514]
--------------------------
[INFO] [1789072815.124253965] [rl_env_node]: 
--- ACTION DIAGNOSTICS ---
Raw delta pos: [ 0.05849695 -0.9082862  -0.98891723]
Safe target pos: [0.41715925 0.03682799 0.27897427]
Target orientation (quat): [ 0.95064086 -0.0065551  -0.30996668  0.01263304]
Target tilt angle from normal: 0.00 deg
Stiffness (Kp_pos diag): [193.1722, 240.91542, 299.5021]
Stiffness (Kp_ori): [7.995371, 3.5893726, 4.8596954]
--------------------------
[INFO] [1789072815.173878811] [rl_env_node]: 
--- ACTION DIAGNOSTICS ---
Raw delta pos: [ 0.06153309 -0.9122693  -0.9892015 ]
Safe target pos: [0.41715925 0.03682799 0.27897427]
Target orientation (quat): [ 0.95064086 -0.0065551  -0.30996668  0.01263304]
Target tilt angle from normal: 0.00 deg
Stiffness (Kp_pos diag): [192.55582, 241.62086, 299.52045]
Stiffness (Kp_ori): [7.9799237, 3.557954, 4.8136144]
--------------------------
[INFO] [1789072815.223745132] [rl_env_node]: 
================================================================ OBS SNAPSHOT ================================================================
  [00:06]  joint_pos      = [-0.0326  +0.2711  +0.1211  -2.0110  +0.0485  +1.2828  +1.0136]
  [07:13]  cos(jnt_pos)   = [+0.9995  +0.9635  +0.9927  -0.4261  +0.9988  +0.2840  +0.5288]
  [14:20]  sin(jnt_pos)   = [-0.0326  +0.2678  +0.1208  -0.9047  +0.0485  +0.9588  +0.8488]
  [21:27]  joint_vel      = [-0.0008  -0.0006  -0.0015  +0.0010  +0.0001  +0.0163  -0.0186]
  [28:34]  joint_acc      = [-0.0162  +0.0006  -0.0535  +0.0389  -0.0008  -0.2232  +0.0221]
  [35:37]  eef_pos(TCP)   = [+0.4139  +0.0461  +0.2641]  (eraser tip)
  [38:41]  eef_quat       = [+0.8754  -0.0605  -0.4782  +0.0369]  (flange xyzw)
  [42:45]  eef_quat_site  = [+0.6364  -0.4543  -0.2983  -0.5473]  (grip-site xyzw)
  [46]     contact        = 0  (|Fz_net|>2N, net=0.43N, raw=0.18N, tare=0.62N)
  [47:81]  markers (active=5):
    M0 (WIPED  )  pos=[+0.4525  -0.1144  +0.1262]  g2m=[+0.0386  -0.1605  -0.1380]
    M1 (WIPED  )  pos=[+0.4669  -0.0452  +0.1154]  g2m=[+0.0530  -0.0914  -0.1487]
    M2 (WIPED  )  pos=[+0.5104  +0.0106  +0.0835]  g2m=[+0.0965  -0.0355  -0.1807]
    M3 (WIPED  )  pos=[+0.5577  +0.0623  +0.0487]  g2m=[+0.1439  +0.0161  -0.2155]
    M4 (WIPED  )  pos=[+0.5816  +0.1400  +0.0309]  g2m=[+0.1677  +0.0939  -0.2332]
  [82:84]  g2active_wp    = [+0.0000  +0.0000  +0.0000]
  ICRA FORCE METRICS      : Fz_mean= 9.83N  Fz_peak=26.04N  Fz_violations(>10N)=91 (41.4%)
  obs_dim  = 85
=============================================================================================================================================
[INFO] [1789072815.231128524] [rl_env_node]: 
--- ACTION DIAGNOSTICS ---
Raw delta pos: [ 0.06624949 -0.9088034  -0.98923695]
Safe target pos: [0.41715925 0.03682799 0.27897427]
Target orientation (quat): [ 0.95064086 -0.0065551  -0.30996668  0.01263304]
Target tilt angle from normal: 0.00 deg
Stiffness (Kp_pos diag): [193.33362, 240.05118, 299.51038]
Stiffness (Kp_ori): [7.972693, 3.5601273, 4.8007565]
--------------------------
[INFO] [1789072815.274168359] [rl_env_node]: 
--- ACTION DIAGNOSTICS ---
Raw delta pos: [ 0.05774999 -0.910095   -0.9893196 ]
Safe target pos: [0.41715925 0.03682799 0.27897427]
Target orientation (quat): [ 0.95064086 -0.0065551  -0.30996668  0.01263304]
Target tilt angle from normal: 0.00 deg
Stiffness (Kp_pos diag): [195.01175, 240.3768, 299.5183]
Stiffness (Kp_ori): [7.9575734, 3.5669668, 4.820227]
--------------------------
[INFO] [1789072815.324199847] [rl_env_node]: 
--- ACTION DIAGNOSTICS ---
Raw delta pos: [ 0.06003356 -0.91040397 -0.9892605 ]
Safe target pos: [0.41715925 0.03682799 0.27897427]
Target orientation (quat): [ 0.95064086 -0.0065551  -0.30996668  0.01263304]
Target tilt angle from normal: 0.00 deg
Stiffness (Kp_pos diag): [194.02802, 241.2512, 299.5175]
Stiffness (Kp_ori): [7.977328, 3.5433302, 4.810215]
--------------------------
[INFO] [1789072815.374024187] [rl_env_node]: 
--- ACTION DIAGNOSTICS ---
Raw delta pos: [ 0.06013548 -0.9099027  -0.98923874]
Safe target pos: [0.41715925 0.03682799 0.27897427]
Target orientation (quat): [ 0.95064086 -0.0065551  -0.30996668  0.01263304]
Target tilt angle from normal: 0.00 deg
Stiffness (Kp_pos diag): [194.54092, 240.36732, 299.51758]
Stiffness (Kp_ori): [7.9781365, 3.5541308, 4.804136]
--------------------------
[INFO] [1789072815.429255037] [rl_env_node]: 
--- ACTION DIAGNOSTICS ---
Raw delta pos: [ 0.05990005 -0.9097585  -0.9893088 ]
Safe target pos: [0.41715925 0.03682799 0.27897427]
Target orientation (quat): [ 0.95064086 -0.0065551  -0.30996668  0.01263304]
Target tilt angle from normal: 0.00 deg
Stiffness (Kp_pos diag): [194.49742, 240.67735, 299.5158]
Stiffness (Kp_ori): [7.9663, 3.5484428, 4.818963]
--------------------------
[INFO] [1789072815.474988033] [rl_env_node]: 
--- ACTION DIAGNOSTICS ---
Raw delta pos: [ 0.05809045 -0.9092429  -0.9893343 ]
Safe target pos: [0.41715925 0.03682799 0.27897427]
Target orientation (quat): [ 0.95064086 -0.0065551  -0.30996668  0.01263304]
Target tilt angle from normal: 0.00 deg
Stiffness (Kp_pos diag): [195.14796, 240.24167, 299.51367]
Stiffness (Kp_ori): [7.9724145, 3.5773406, 4.812109]
--------------------------
[INFO] [1789072815.533105082] [rl_env_node]: 
--- ACTION DIAGNOSTICS ---
Raw delta pos: [ 0.0596205  -0.9101333  -0.98923284]
Safe target pos: [0.41715925 0.03682799 0.27897427]
Target orientation (quat): [ 0.95064086 -0.0065551  -0.30996668  0.01263304]
Target tilt angle from normal: 0.00 deg
Stiffness (Kp_pos diag): [194.13861, 240.49876, 299.51822]
Stiffness (Kp_ori): [7.9712057, 3.5488524, 4.81019]
--------------------------
[INFO] [1789072815.574126562] [rl_env_node]: 
--- ACTION DIAGNOSTICS ---
Raw delta pos: [ 0.05828786 -0.91115355 -0.9893405 ]
Safe target pos: [0.41715925 0.03682799 0.27897427]
Target orientation (quat): [ 0.95064086 -0.0065551  -0.30996668  0.01263304]
Target tilt angle from normal: 0.00 deg
Stiffness (Kp_pos diag): [194.45203, 241.10843, 299.5205]
Stiffness (Kp_ori): [7.976477, 3.5565753, 4.818124]
--------------------------
[INFO] [1789072815.626468167] [rl_env_node]: 
--- ACTION DIAGNOSTICS ---
Raw delta pos: [ 0.05950391 -0.9099758  -0.98929024]
Safe target pos: [0.41715925 0.03682799 0.27897427]
Target orientation (quat): [ 0.95064086 -0.0065551  -0.30996668  0.01263304]
Target tilt angle from normal: 0.00 deg
Stiffness (Kp_pos diag): [194.7412, 240.13182, 299.51752]
Stiffness (Kp_ori): [7.96759, 3.5656588, 4.8186636]
--------------------------
[INFO] [1789072815.678166986] [rl_env_node]: 
--- ACTION DIAGNOSTICS ---
Raw delta pos: [ 0.05822098 -0.9093307  -0.98928326]
Safe target pos: [0.41715925 0.03682799 0.27897427]
Target orientation (quat): [ 0.95064086 -0.0065551  -0.30996668  0.01263304]
Target tilt angle from normal: 0.00 deg
Stiffness (Kp_pos diag): [194.58682, 241.01936, 299.5108]
Stiffness (Kp_ori): [7.980303, 3.5600371, 4.832964]
--------------------------
[INFO] [1789072815.724026038] [rl_env_node]: 
--- ACTION DIAGNOSTICS ---
Raw delta pos: [ 0.06287575 -0.9090964  -0.9892507 ]
Safe target pos: [0.41715925 0.03682799 0.27897427]
Target orientation (quat): [ 0.95064086 -0.0065551  -0.30996668  0.01263304]
Target tilt angle from normal: 0.00 deg
Stiffness (Kp_pos diag): [194.31612, 240.07854, 299.51178]
Stiffness (Kp_ori): [7.984318, 3.5522442, 4.8111687]
--------------------------
[INFO] [1789072815.772361271] [rl_env_node]: 
================================================================ OBS SNAPSHOT ================================================================
  [00:06]  joint_pos      = [-0.0326  +0.2711  +0.1211  -2.0110  +0.0485  +1.2867  +1.0025]
  [07:13]  cos(jnt_pos)   = [+0.9995  +0.9635  +0.9927  -0.4261  +0.9988  +0.2803  +0.5382]
  [14:20]  sin(jnt_pos)   = [-0.0326  +0.2678  +0.1208  -0.9047  +0.0485  +0.9599  +0.8428]
  [21:27]  joint_vel      = [-0.0008  -0.0010  -0.0009  +0.0009  -0.0011  +0.0041  -0.0154]
  [28:34]  joint_acc      = [+0.0122  +0.0128  -0.0054  +0.0324  -0.0409  +0.0056  +0.0576]
  [35:37]  eef_pos(TCP)   = [+0.4145  +0.0462  +0.2638]  (eraser tip)
  [38:41]  eef_quat       = [+0.8767  -0.0557  -0.4767  +0.0339]  (flange xyzw)
  [42:45]  eef_quat_site  = [+0.6357  -0.4499  -0.3009  -0.5504]  (grip-site xyzw)
  [46]     contact        = 0  (|Fz_net|>2N, net=0.36N, raw=0.25N, tare=0.62N)
  [47:81]  markers (active=5):
    M0 (WIPED  )  pos=[+0.4525  -0.1144  +0.1262]  g2m=[+0.0379  -0.1606  -0.1376]
    M1 (WIPED  )  pos=[+0.4669  -0.0452  +0.1154]  g2m=[+0.0523  -0.0914  -0.1483]
    M2 (WIPED  )  pos=[+0.5104  +0.0106  +0.0835]  g2m=[+0.0959  -0.0356  -0.1803]
    M3 (WIPED  )  pos=[+0.5577  +0.0623  +0.0487]  g2m=[+0.1432  +0.0161  -0.2151]
    M4 (WIPED  )  pos=[+0.5816  +0.1400  +0.0309]  g2m=[+0.1671  +0.0938  -0.2328]
  [82:84]  g2active_wp    = [+0.0000  +0.0000  +0.0000]
  ICRA FORCE METRICS      : Fz_mean= 9.83N  Fz_peak=26.04N  Fz_violations(>10N)=91 (41.4%)
  obs_dim  = 85
=============================================================================================================================================
[INFO] [1789072815.774211225] [rl_env_node]: 
--- ACTION DIAGNOSTICS ---
Raw delta pos: [ 0.05654144 -0.90940726 -0.98927855]
Safe target pos: [0.41715925 0.03682799 0.27897427]
Target orientation (quat): [ 0.95064086 -0.0065551  -0.30996668  0.01263304]
Target tilt angle from normal: 0.00 deg
Stiffness (Kp_pos diag): [194.53577, 239.9126, 299.51318]
Stiffness (Kp_ori): [7.972496, 3.5843494, 4.822669]
--------------------------
[INFO] [1789072815.828941088] [rl_env_node]: 
--- ACTION DIAGNOSTICS ---
Raw delta pos: [ 0.05449498 -0.9099939  -0.9893108 ]
Safe target pos: [0.41715925 0.03682799 0.27897427]
Target orientation (quat): [ 0.95064086 -0.0065551  -0.30996668  0.01263304]
Target tilt angle from normal: 0.00 deg
Stiffness (Kp_pos diag): [194.71901, 240.39438, 299.5129]
Stiffness (Kp_ori): [7.957801, 3.584197, 4.845369]
--------------------------
[INFO] [1789072815.874196872] [rl_env_node]: 
--- ACTION DIAGNOSTICS ---
Raw delta pos: [ 0.05964839 -0.9103244  -0.98927003]
Safe target pos: [0.41715925 0.03682799 0.27897427]
Target orientation (quat): [ 0.95064086 -0.0065551  -0.30996668  0.01263304]
Target tilt angle from normal: 0.00 deg
Stiffness (Kp_pos diag): [194.4856, 239.92336, 299.51672]
Stiffness (Kp_ori): [7.977507, 3.5750186, 4.8107414]
--------------------------
[INFO] [1789072815.924253967] [rl_env_node]: 
--- ACTION DIAGNOSTICS ---
Raw delta pos: [ 0.05818892 -0.9099781  -0.98927414]
Safe target pos: [0.41715925 0.03682799 0.27897427]
Target orientation (quat): [ 0.95064086 -0.0065551  -0.30996668  0.01263304]
Target tilt angle from normal: 0.00 deg
Stiffness (Kp_pos diag): [194.22812, 240.12015, 299.5152]
Stiffness (Kp_ori): [7.972156, 3.5696354, 4.824892]
--------------------------
[INFO] [1789072815.974729871] [rl_env_node]: 
--- ACTION DIAGNOSTICS ---
Raw delta pos: [ 0.05888951 -0.91019475 -0.9892951 ]
Safe target pos: [0.41715925 0.03682799 0.27897427]
Target orientation (quat): [ 0.95064086 -0.0065551  -0.30996668  0.01263304]
Target tilt angle from normal: 0.00 deg
Stiffness (Kp_pos diag): [194.17, 240.37619, 299.5156]
Stiffness (Kp_ori): [7.9696426, 3.5648832, 4.8328724]
--------------------------
[INFO] [1789072816.024844820] [rl_env_node]: 
--- ACTION DIAGNOSTICS ---
Raw delta pos: [ 0.05623186 -0.9095405  -0.98929423]
Safe target pos: [0.41715925 0.03682799 0.27897427]
Target orientation (quat): [ 0.95064086 -0.0065551  -0.30996668  0.01263304]
Target tilt angle from normal: 0.00 deg
Stiffness (Kp_pos diag): [194.87585, 239.81981, 299.51303]
Stiffness (Kp_ori): [7.967005, 3.5880408, 4.835348]
--------------------------
[INFO] [1789072816.076604326] [rl_env_node]: 
--- ACTION DIAGNOSTICS ---
Raw delta pos: [ 0.05683827 -0.91013783 -0.98928034]
Safe target pos: [0.41715925 0.03682799 0.27897427]
Target orientation (quat): [ 0.95064086 -0.0065551  -0.30996668  0.01263304]
Target tilt angle from normal: 0.00 deg
Stiffness (Kp_pos diag): [194.16727, 240.07083, 299.51254]
Stiffness (Kp_ori): [7.96288, 3.5846972, 4.8282022]
--------------------------
[INFO] [1789072816.124739194] [rl_env_node]: 
--- ACTION DIAGNOSTICS ---
Raw delta pos: [ 0.05752158 -0.90991706 -0.98928744]
Safe target pos: [0.41715925 0.03682799 0.27897427]
Target orientation (quat): [ 0.95064086 -0.0065551  -0.30996668  0.01263304]
Target tilt angle from normal: 0.00 deg
Stiffness (Kp_pos diag): [194.45773, 240.04152, 299.5119]
Stiffness (Kp_ori): [7.9753847, 3.5892286, 4.8311105]
--------------------------
[INFO] [1789072816.179912600] [rl_env_node]: 
--- ACTION DIAGNOSTICS ---
Raw delta pos: [ 0.05520952 -0.9099991  -0.9892003 ]
Safe target pos: [0.41715925 0.03682799 0.27897427]
Target orientation (quat): [ 0.95064086 -0.0065551  -0.30996668  0.01263304]
Target tilt angle from normal: 0.00 deg
Stiffness (Kp_pos diag): [194.41037, 240.09908, 299.5124]
Stiffness (Kp_ori): [7.9647408, 3.580718, 4.849346]
--------------------------
[INFO] [1789072816.224891860] [rl_env_node]: 
--- ACTION DIAGNOSTICS ---
Raw delta pos: [ 0.05604672 -0.90961444 -0.98923296]
Safe target pos: [0.41715925 0.03682799 0.27897427]
Target orientation (quat): [ 0.95064086 -0.0065551  -0.30996668  0.01263304]
Target tilt angle from normal: 0.00 deg
Stiffness (Kp_pos diag): [194.11444, 239.64558, 299.5083]
Stiffness (Kp_ori): [7.97018, 3.605202, 4.828521]
--------------------------
[INFO] [1789072816.272451754] [rl_env_node]: 
================================================================ OBS SNAPSHOT ================================================================
  [00:06]  joint_pos      = [-0.0326  +0.2711  +0.1211  -2.0110  +0.0485  +1.2880  +0.9965]
  [07:13]  cos(jnt_pos)   = [+0.9995  +0.9635  +0.9927  -0.4261  +0.9988  +0.2790  +0.5432]
  [14:20]  sin(jnt_pos)   = [-0.0326  +0.2678  +0.1208  -0.9047  +0.0485  +0.9603  +0.8396]
  [21:27]  joint_vel      = [+0.0009  +0.0021  +0.0002  +0.0004  -0.0002  +0.0016  -0.0052]
  [28:34]  joint_acc      = [+0.0026  +0.0731  +0.0166  +0.0213  -0.0156  -0.0281  -0.0229]
  [35:37]  eef_pos(TCP)   = [+0.4147  +0.0462  +0.2636]  (eraser tip)
  [38:41]  eef_quat       = [+0.8771  -0.0532  -0.4762  +0.0324]  (flange xyzw)
  [42:45]  eef_quat_site  = [+0.6352  -0.4479  -0.3025  -0.5518]  (grip-site xyzw)
  [46]     contact        = 0  (|Fz_net|>2N, net=0.28N, raw=0.33N, tare=0.62N)
  [47:81]  markers (active=5):
    M0 (WIPED  )  pos=[+0.4525  -0.1144  +0.1262]  g2m=[+0.0377  -0.1606  -0.1375]
    M1 (WIPED  )  pos=[+0.4669  -0.0452  +0.1154]  g2m=[+0.0521  -0.0914  -0.1482]
    M2 (WIPED  )  pos=[+0.5104  +0.0106  +0.0835]  g2m=[+0.0956  -0.0356  -0.1802]
    M3 (WIPED  )  pos=[+0.5577  +0.0623  +0.0487]  g2m=[+0.1430  +0.0160  -0.2150]
    M4 (WIPED  )  pos=[+0.5816  +0.1400  +0.0309]  g2m=[+0.1669  +0.0938  -0.2327]
  [82:84]  g2active_wp    = [+0.0000  +0.0000  +0.0000]
  ICRA FORCE METRICS      : Fz_mean= 9.83N  Fz_peak=26.04N  Fz_violations(>10N)=91 (41.4%)
  obs_dim  = 85
=============================================================================================================================================
[INFO] [1789072816.274646458] [rl_env_node]: 
--- ACTION DIAGNOSTICS ---
Raw delta pos: [ 0.05397522 -0.9104947  -0.98918736]
Safe target pos: [0.41715925 0.03682799 0.27897427]
Target orientation (quat): [ 0.95064086 -0.0065551  -0.30996668  0.01263304]
Target tilt angle from normal: 0.00 deg
Stiffness (Kp_pos diag): [194.20676, 239.68657, 299.51254]
Stiffness (Kp_ori): [7.9473734, 3.5979629, 4.8517504]
--------------------------
[INFO] [1789072816.324023397] [rl_env_node]: 
--- ACTION DIAGNOSTICS ---
Raw delta pos: [ 0.05696917 -0.9108492  -0.9892408 ]
Safe target pos: [0.41715925 0.03682799 0.27897427]
Target orientation (quat): [ 0.95064086 -0.0065551  -0.30996668  0.01263304]
Target tilt angle from normal: 0.00 deg
Stiffness (Kp_pos diag): [193.97673, 240.01112, 299.5122]
Stiffness (Kp_ori): [7.9738736, 3.5934708, 4.8245106]
--------------------------
[INFO] [1789072816.373956187] [rl_env_node]: 
--- ACTION DIAGNOSTICS ---
Raw delta pos: [ 0.05776238 -0.91031665 -0.9892005 ]
Safe target pos: [0.41715925 0.03682799 0.27897427]
Target orientation (quat): [ 0.95064086 -0.0065551  -0.30996668  0.01263304]
Target tilt angle from normal: 0.00 deg
Stiffness (Kp_pos diag): [193.40956, 239.80078, 299.51016]
Stiffness (Kp_ori): [7.9607763, 3.5897608, 4.835069]
--------------------------
[INFO] [1789072816.425035594] [rl_env_node]: 
--- ACTION DIAGNOSTICS ---
Raw delta pos: [ 0.05173993 -0.911198   -0.98921883]
Safe target pos: [0.41715925 0.03682799 0.27897427]
Target orientation (quat): [ 0.95064086 -0.0065551  -0.30996668  0.01263304]
Target tilt angle from normal: 0.00 deg
Stiffness (Kp_pos diag): [193.89929, 240.29895, 299.51236]
Stiffness (Kp_ori): [7.9770327, 3.6174765, 4.845599]
--------------------------
[INFO] [1789072816.481146854] [rl_env_node]: 
--- ACTION DIAGNOSTICS ---
Raw delta pos: [ 0.05099285 -0.9108466  -0.9890686 ]
Safe target pos: [0.41715925 0.03682799 0.27897427]
Target orientation (quat): [ 0.95064086 -0.0065551  -0.30996668  0.01263304]
Target tilt angle from normal: 0.00 deg
Stiffness (Kp_pos diag): [193.43216, 240.09163, 299.51004]
Stiffness (Kp_ori): [7.9658427, 3.6083956, 4.8628464]
--------------------------
[INFO] [1789072816.526734748] [rl_env_node]: 
--- ACTION DIAGNOSTICS ---
Raw delta pos: [ 0.05365968 -0.91144603 -0.9891681 ]
Safe target pos: [0.41715925 0.03682799 0.27897427]
Target orientation (quat): [ 0.95064086 -0.0065551  -0.30996668  0.01263304]
Target tilt angle from normal: 0.00 deg
Stiffness (Kp_pos diag): [193.15283, 239.98877, 299.50998]
Stiffness (Kp_ori): [7.9557734, 3.6168084, 4.8502626]
--------------------------
[INFO] [1789072816.575250385] [rl_env_node]: 
--- ACTION DIAGNOSTICS ---
Raw delta pos: [ 0.05249429 -0.9121958  -0.9891097 ]
Safe target pos: [0.41715925 0.03682799 0.27897427]
Target orientation (quat): [ 0.95064086 -0.0065551  -0.30996668  0.01263304]
Target tilt angle from normal: 0.00 deg
Stiffness (Kp_pos diag): [192.64357, 240.38896, 299.5099]
Stiffness (Kp_ori): [7.972353, 3.6162841, 4.8437386]
--------------------------
[INFO] [1789072816.629144361] [rl_env_node]: 
--- ACTION DIAGNOSTICS ---
Raw delta pos: [ 0.05409992 -0.9122248  -0.98917174]
Safe target pos: [0.41715925 0.03682799 0.27897427]
Target orientation (quat): [ 0.95064086 -0.0065551  -0.30996668  0.01263304]
Target tilt angle from normal: 0.00 deg
Stiffness (Kp_pos diag): [191.97218, 240.90327, 299.50656]
Stiffness (Kp_ori): [7.9742713, 3.6264904, 4.856898]
--------------------------
[INFO] [1789072816.674154905] [rl_env_node]: 
--- ACTION DIAGNOSTICS ---
Raw delta pos: [ 0.0575583  -0.9124667  -0.98908937]
Safe target pos: [0.41715925 0.03682799 0.27897427]
Target orientation (quat): [ 0.95064086 -0.0065551  -0.30996668  0.01263304]
Target tilt angle from normal: 0.00 deg
Stiffness (Kp_pos diag): [191.38365, 240.40135, 299.50946]
Stiffness (Kp_ori): [7.988908, 3.6108406, 4.8367014]
--------------------------
[INFO] [1789072816.724946461] [rl_env_node]: 
--- ACTION DIAGNOSTICS ---
Raw delta pos: [ 0.0476371 -0.9135688 -0.9890838]
Safe target pos: [0.41715925 0.03682799 0.27897427]
Target orientation (quat): [ 0.95064086 -0.0065551  -0.30996668  0.01263304]
Target tilt angle from normal: 0.00 deg
Stiffness (Kp_pos diag): [191.19112, 241.34857, 299.51013]
Stiffness (Kp_ori): [7.9881406, 3.6494703, 4.876811]
--------------------------
[INFO] [1789072816.772610135] [rl_env_node]: 
================================================================ OBS SNAPSHOT ================================================================
  [00:06]  joint_pos      = [-0.0326  +0.2711  +0.1211  -2.0110  +0.0485  +1.2937  +0.9950]
  [07:13]  cos(jnt_pos)   = [+0.9995  +0.9635  +0.9927  -0.4261  +0.9988  +0.2735  +0.5445]
  [14:20]  sin(jnt_pos)   = [-0.0326  +0.2678  +0.1208  -0.9047  +0.0485  +0.9619  +0.8387]
  [21:27]  joint_vel      = [+0.0007  +0.0009  -0.0014  -0.0005  -0.0000  +0.0209  -0.0021]
  [28:34]  joint_acc      = [+0.0174  +0.0166  -0.0366  -0.0203  -0.0000  -0.0637  +0.0322]
  [35:37]  eef_pos(TCP)   = [+0.4157  +0.0463  +0.2631]  (eraser tip)
  [38:41]  eef_quat       = [+0.8786  -0.0527  -0.4736  +0.0317]  (flange xyzw)
  [42:45]  eef_quat_site  = [+0.6357  -0.4459  -0.3010  -0.5536]  (grip-site xyzw)
  [46]     contact        = 0  (|Fz_net|>2N, net=0.33N, raw=0.29N, tare=0.62N)
  [47:81]  markers (active=5):
    M0 (WIPED  )  pos=[+0.4525  -0.1144  +0.1262]  g2m=[+0.0367  -0.1607  -0.1369]
    M1 (WIPED  )  pos=[+0.4669  -0.0452  +0.1154]  g2m=[+0.0511  -0.0915  -0.1476]
    M2 (WIPED  )  pos=[+0.5104  +0.0106  +0.0835]  g2m=[+0.0947  -0.0357  -0.1796]
    M3 (WIPED  )  pos=[+0.5577  +0.0623  +0.0487]  g2m=[+0.1420  +0.0160  -0.2144]
    M4 (WIPED  )  pos=[+0.5816  +0.1400  +0.0309]  g2m=[+0.1659  +0.0937  -0.2322]
  [82:84]  g2active_wp    = [+0.0000  +0.0000  +0.0000]
  ICRA FORCE METRICS      : Fz_mean= 9.83N  Fz_peak=26.04N  Fz_violations(>10N)=91 (41.4%)
  obs_dim  = 85
=============================================================================================================================================
[INFO] [1789072816.781016986] [rl_env_node]: 
--- ACTION DIAGNOSTICS ---
Raw delta pos: [ 0.05255961 -0.91255534 -0.98910177]
Safe target pos: [0.41715925 0.03682799 0.27897427]
Target orientation (quat): [ 0.95064086 -0.0065551  -0.30996668  0.01263304]
Target tilt angle from normal: 0.00 deg
Stiffness (Kp_pos diag): [191.101, 240.29765, 299.50403]
Stiffness (Kp_ori): [7.9745827, 3.658204, 4.8661404]
--------------------------
[INFO] [1789072816.825130997] [rl_env_node]: 
--- ACTION DIAGNOSTICS ---
Raw delta pos: [ 0.0540638  -0.9123401  -0.98902994]
Safe target pos: [0.41715925 0.03682799 0.27897427]
Target orientation (quat): [ 0.95064086 -0.0065551  -0.30996668  0.01263304]
Target tilt angle from normal: 0.00 deg
Stiffness (Kp_pos diag): [191.73708, 240.00883, 299.50592]
Stiffness (Kp_ori): [7.9811163, 3.6352975, 4.869421]
--------------------------
[INFO] [1789072816.878834209] [rl_env_node]: 
--- ACTION DIAGNOSTICS ---
Raw delta pos: [ 0.05214119 -0.9130352  -0.9890954 ]
Safe target pos: [0.41715925 0.03682799 0.27897427]
Target orientation (quat): [ 0.95064086 -0.0065551  -0.30996668  0.01263304]
Target tilt angle from normal: 0.00 deg
Stiffness (Kp_pos diag): [191.68742, 239.98671, 299.50903]
Stiffness (Kp_ori): [7.9778004, 3.6410751, 4.854002]
--------------------------
[INFO] [1789072816.926738231] [rl_env_node]: 
--- ACTION DIAGNOSTICS ---
Raw delta pos: [ 0.05019236 -0.91238976 -0.9891364 ]
Safe target pos: [0.41715925 0.03682799 0.27897427]
Target orientation (quat): [ 0.95064086 -0.0065551  -0.30996668  0.01263304]
Target tilt angle from normal: 0.00 deg
Stiffness (Kp_pos diag): [191.81, 240.05898, 299.50375]
Stiffness (Kp_ori): [7.971115, 3.6629992, 4.868041]
--------------------------
[INFO] [1789072816.974213475] [rl_env_node]: 
--- ACTION DIAGNOSTICS ---
Raw delta pos: [ 0.04989576 -0.9132351  -0.98891956]
Safe target pos: [0.41715925 0.03682799 0.27897427]
Target orientation (quat): [ 0.95064086 -0.0065551  -0.30996668  0.01263304]
Target tilt angle from normal: 0.00 deg
Stiffness (Kp_pos diag): [191.41827, 240.2707, 299.50848]
Stiffness (Kp_ori): [7.989737, 3.6258264, 4.8673573]
--------------------------
[INFO] [1789072817.024957639] [rl_env_node]: 
--- ACTION DIAGNOSTICS ---
Raw delta pos: [ 0.05115104 -0.91363126 -0.98917127]
Safe target pos: [0.41715925 0.03682799 0.27897427]
Target orientation (quat): [ 0.95064086 -0.0065551  -0.30996668  0.01263304]
Target tilt angle from normal: 0.00 deg
Stiffness (Kp_pos diag): [190.57182, 240.5344, 299.5046]
Stiffness (Kp_ori): [7.980375, 3.6648464, 4.854485]
--------------------------
[INFO] [1789072817.081061098] [rl_env_node]: 
--- ACTION DIAGNOSTICS ---
Raw delta pos: [ 0.04663193 -0.91365135 -0.98900855]
Safe target pos: [0.41715925 0.03682799 0.27897427]
Target orientation (quat): [ 0.95064086 -0.0065551  -0.30996668  0.01263304]
Target tilt angle from normal: 0.00 deg
Stiffness (Kp_pos diag): [191.53046, 240.33469, 299.5074]
Stiffness (Kp_ori): [7.991311, 3.664611, 4.882738]
--------------------------
[INFO] [1789072817.124105346] [rl_env_node]: 
--- ACTION DIAGNOSTICS ---
Raw delta pos: [ 0.05258644 -0.91352564 -0.9890878 ]
Safe target pos: [0.41715925 0.03682799 0.27897427]
Target orientation (quat): [ 0.95064086 -0.0065551  -0.30996668  0.01263304]
Target tilt angle from normal: 0.00 deg
Stiffness (Kp_pos diag): [190.57019, 240.14754, 299.50702]
Stiffness (Kp_ori): [7.9873605, 3.6544847, 4.8587]
--------------------------
[INFO] [1789072817.174198357] [rl_env_node]: 
--- ACTION DIAGNOSTICS ---
Raw delta pos: [ 0.04722214 -0.9135111  -0.9890005 ]
Safe target pos: [0.41715925 0.03682799 0.27897427]
Target orientation (quat): [ 0.95064086 -0.0065551  -0.30996668  0.01263304]
Target tilt angle from normal: 0.00 deg
Stiffness (Kp_pos diag): [191.01566, 239.89873, 299.50674]
Stiffness (Kp_ori): [7.9777484, 3.6638072, 4.878359]
--------------------------
[INFO] [1789072817.224209659] [rl_env_node]: 
--- ACTION DIAGNOSTICS ---
Raw delta pos: [ 0.0487659  -0.913702   -0.98908275]
Safe target pos: [0.41715925 0.03682799 0.27897427]
Target orientation (quat): [ 0.95064086 -0.0065551  -0.30996668  0.01263304]
Target tilt angle from normal: 0.00 deg
Stiffness (Kp_pos diag): [190.79018, 240.12184, 299.50412]
Stiffness (Kp_ori): [7.9795437, 3.6739743, 4.871022]
--------------------------
[INFO] [1789072817.274124342] [rl_env_node]: 
--- ACTION DIAGNOSTICS ---
Raw delta pos: [ 0.05112314 -0.91332394 -0.9890524 ]
Safe target pos: [0.41715925 0.03682799 0.27897427]
Target orientation (quat): [ 0.95064086 -0.0065551  -0.30996668  0.01263304]
Target tilt angle from normal: 0.00 deg
Stiffness (Kp_pos diag): [191.51157, 239.43945, 299.50693]
Stiffness (Kp_ori): [7.9913373, 3.6593893, 4.860113]
--------------------------
[INFO] [1789072817.322404502] [rl_env_node]: 
================================================================ OBS SNAPSHOT ================================================================
  [00:06]  joint_pos      = [-0.0326  +0.2711  +0.1211  -2.0110  +0.0485  +1.3025  +0.9933]
  [07:13]  cos(jnt_pos)   = [+0.9995  +0.9635  +0.9927  -0.4261  +0.9988  +0.2651  +0.5460]
  [14:20]  sin(jnt_pos)   = [-0.0326  +0.2678  +0.1208  -0.9047  +0.0485  +0.9642  +0.8378]
  [21:27]  joint_vel      = [+0.0007  +0.0014  -0.0005  -0.0005  +0.0006  +0.0136  -0.0054]
  [28:34]  joint_acc      = [+0.0096  +0.0494  -0.0200  -0.0226  +0.0282  +0.0592  -0.0443]
  [35:37]  eef_pos(TCP)   = [+0.4171  +0.0464  +0.2623]  (eraser tip)
  [38:41]  eef_quat       = [+0.8806  -0.0523  -0.4700  +0.0308]  (flange xyzw)
  [42:45]  eef_quat_site  = [+0.6366  -0.4432  -0.2989  -0.5559]  (grip-site xyzw)
  [46]     contact        = 0  (|Fz_net|>2N, net=0.31N, raw=0.31N, tare=0.62N)
  [47:81]  markers (active=5):
    M0 (WIPED  )  pos=[+0.4525  -0.1144  +0.1262]  g2m=[+0.0354  -0.1608  -0.1362]
    M1 (WIPED  )  pos=[+0.4669  -0.0452  +0.1154]  g2m=[+0.0497  -0.0917  -0.1469]
    M2 (WIPED  )  pos=[+0.5104  +0.0106  +0.0835]  g2m=[+0.0933  -0.0358  -0.1789]
    M3 (WIPED  )  pos=[+0.5577  +0.0623  +0.0487]  g2m=[+0.1406  +0.0158  -0.2137]
    M4 (WIPED  )  pos=[+0.5816  +0.1400  +0.0309]  g2m=[+0.1645  +0.0936  -0.2314]
  [82:84]  g2active_wp    = [+0.0000  +0.0000  +0.0000]
  ICRA FORCE METRICS      : Fz_mean= 9.83N  Fz_peak=26.04N  Fz_violations(>10N)=91 (41.4%)
  obs_dim  = 85
=============================================================================================================================================
[INFO] [1789072817.324179429] [rl_env_node]: 
--- ACTION DIAGNOSTICS ---
Raw delta pos: [ 0.04761934 -0.9143379  -0.9890961 ]
Safe target pos: [0.41715925 0.03682799 0.27897427]
Target orientation (quat): [ 0.95064086 -0.0065551  -0.30996668  0.01263304]
Target tilt angle from normal: 0.00 deg
Stiffness (Kp_pos diag): [190.48474, 240.43044, 299.50763]
Stiffness (Kp_ori): [7.975963, 3.6663888, 4.8761144]
--------------------------
[INFO] [1789072817.380927961] [rl_env_node]: 
--- ACTION DIAGNOSTICS ---
Raw delta pos: [ 0.04890835 -0.9136638  -0.98897505]
Safe target pos: [0.41715925 0.03682799 0.27897427]
Target orientation (quat): [ 0.95064086 -0.0065551  -0.30996668  0.01263304]
Target tilt angle from normal: 0.00 deg
Stiffness (Kp_pos diag): [191.15779, 239.74913, 299.50708]
Stiffness (Kp_ori): [8.004118, 3.661116, 4.866647]
--------------------------
[INFO] [1789072817.424145228] [rl_env_node]: 
--- ACTION DIAGNOSTICS ---
Raw delta pos: [ 0.04327643 -0.91430986 -0.9889636 ]
Safe target pos: [0.41715925 0.03682799 0.27897427]
Target orientation (quat): [ 0.95064086 -0.0065551  -0.30996668  0.01263304]
Target tilt angle from normal: 0.00 deg
Stiffness (Kp_pos diag): [189.59077, 240.8231, 299.5033]
Stiffness (Kp_ori): [7.993537, 3.6830225, 4.8905396]
--------------------------
[INFO] [1789072817.477020782] [rl_env_node]: 
--- ACTION DIAGNOSTICS ---
Raw delta pos: [ 0.04785287 -0.915532   -0.9890752 ]
Safe target pos: [0.41715925 0.03682799 0.27897427]
Target orientation (quat): [ 0.95064086 -0.0065551  -0.30996668  0.01263304]
Target tilt angle from normal: 0.00 deg
Stiffness (Kp_pos diag): [189.3762, 240.77238, 299.5066]
Stiffness (Kp_ori): [8.006129, 3.6892707, 4.8732333]
--------------------------
[INFO] [1789072817.524405946] [rl_env_node]: 
--- ACTION DIAGNOSTICS ---
Raw delta pos: [ 0.04609895 -0.91477853 -0.98898226]
Safe target pos: [0.41715925 0.03682799 0.27897427]
Target orientation (quat): [ 0.95064086 -0.0065551  -0.30996668  0.01263304]
Target tilt angle from normal: 0.00 deg
Stiffness (Kp_pos diag): [189.96922, 239.75124, 299.5057]
Stiffness (Kp_ori): [7.9867907, 3.7053618, 4.8947287]
--------------------------
[INFO] [1789072817.574342598] [rl_env_node]: 
--- ACTION DIAGNOSTICS ---
Raw delta pos: [ 0.04430389 -0.91443944 -0.9889022 ]
Safe target pos: [0.41715925 0.03682799 0.27897427]
Target orientation (quat): [ 0.95064086 -0.0065551  -0.30996668  0.01263304]
Target tilt angle from normal: 0.00 deg
Stiffness (Kp_pos diag): [190.51222, 239.45924, 299.50525]
Stiffness (Kp_ori): [7.9965153, 3.700985, 4.889284]
--------------------------
[INFO] [1789072817.624115755] [rl_env_node]: 
--- ACTION DIAGNOSTICS ---
Raw delta pos: [ 0.05170691 -0.91331136 -0.9889441 ]
Safe target pos: [0.41715925 0.03682799 0.27897427]
Target orientation (quat): [ 0.95064086 -0.0065551  -0.30996668  0.01263304]
Target tilt angle from normal: 0.00 deg
Stiffness (Kp_pos diag): [190.46936, 239.0207, 299.50305]
Stiffness (Kp_ori): [7.9865847, 3.65546, 4.8786983]
--------------------------
[INFO] [1789072817.674284573] [rl_env_node]: 
--- ACTION DIAGNOSTICS ---
Raw delta pos: [ 0.04612958 -0.913946   -0.98906404]
Safe target pos: [0.41715925 0.03682799 0.27897427]
Target orientation (quat): [ 0.95064086 -0.0065551  -0.30996668  0.01263304]
Target tilt angle from normal: 0.00 deg
Stiffness (Kp_pos diag): [191.08154, 239.30266, 299.50534]
Stiffness (Kp_ori): [7.9860516, 3.6790206, 4.874256]
--------------------------
[INFO] [1789072817.724840862] [rl_env_node]: 
--- ACTION DIAGNOSTICS ---
Raw delta pos: [ 0.04410183 -0.9152752  -0.98910344]
Safe target pos: [0.41715925 0.03682799 0.27897427]
Target orientation (quat): [ 0.95064086 -0.0065551  -0.30996668  0.01263304]
Target tilt angle from normal: 0.00 deg
Stiffness (Kp_pos diag): [189.98898, 240.44736, 299.5054]
Stiffness (Kp_ori): [7.9852576, 3.6902492, 4.881456]
--------------------------
[INFO] [1789072817.774274305] [rl_env_node]: 
--- ACTION DIAGNOSTICS ---
Raw delta pos: [ 0.04575253 -0.9154173  -0.9889997 ]
Safe target pos: [0.41715925 0.03682799 0.27897427]
Target orientation (quat): [ 0.95064086 -0.0065551  -0.30996668  0.01263304]
Target tilt angle from normal: 0.00 deg
Stiffness (Kp_pos diag): [190.39133, 239.8502, 299.5065]
Stiffness (Kp_ori): [7.9968643, 3.6881704, 4.880921]
--------------------------
[INFO] [1789072817.824033373] [rl_env_node]: 
--- ACTION DIAGNOSTICS ---
Raw delta pos: [ 0.04900813 -0.9140548  -0.98902845]
Safe target pos: [0.41715925 0.03682799 0.27897427]
Target orientation (quat): [ 0.95064086 -0.0065551  -0.30996668  0.01263304]
Target tilt angle from normal: 0.00 deg
Stiffness (Kp_pos diag): [190.15607, 239.387, 299.50192]
Stiffness (Kp_ori): [7.997655, 3.693743, 4.8753686]
--------------------------
[INFO] [1789072817.872243747] [rl_env_node]: 
================================================================ OBS SNAPSHOT ================================================================
  [00:06]  joint_pos      = [-0.0326  +0.2711  +0.1211  -2.0110  +0.0485  +1.3098  +0.9910]
  [07:13]  cos(jnt_pos)   = [+0.9995  +0.9635  +0.9927  -0.4261  +0.9988  +0.2580  +0.5479]
  [14:20]  sin(jnt_pos)   = [-0.0326  +0.2678  +0.1208  -0.9047  +0.0485  +0.9661  +0.8366]
  [21:27]  joint_vel      = [-0.0010  +0.0002  -0.0003  +0.0008  -0.0006  +0.0110  -0.0018]
  [28:34]  joint_acc      = [-0.0273  +0.0134  +0.0003  +0.0124  -0.0101  +0.0057  +0.0953]
  [35:37]  eef_pos(TCP)   = [+0.4183  +0.0465  +0.2617]  (eraser tip)
  [38:41]  eef_quat       = [+0.8824  -0.0515  -0.4668  +0.0297]  (flange xyzw)
  [42:45]  eef_quat_site  = [+0.6372  -0.4405  -0.2973  -0.5582]  (grip-site xyzw)
  [46]     contact        = 0  (|Fz_net|>2N, net=0.26N, raw=0.35N, tare=0.62N)
  [47:81]  markers (active=5):
    M0 (WIPED  )  pos=[+0.4525  -0.1144  +0.1262]  g2m=[+0.0341  -0.1609  -0.1355]
    M1 (WIPED  )  pos=[+0.4669  -0.0452  +0.1154]  g2m=[+0.0485  -0.0918  -0.1462]
    M2 (WIPED  )  pos=[+0.5104  +0.0106  +0.0835]  g2m=[+0.0920  -0.0359  -0.1782]
    M3 (WIPED  )  pos=[+0.5577  +0.0623  +0.0487]  g2m=[+0.1394  +0.0157  -0.2130]
    M4 (WIPED  )  pos=[+0.5816  +0.1400  +0.0309]  g2m=[+0.1633  +0.0935  -0.2307]
  [82:84]  g2active_wp    = [+0.0000  +0.0000  +0.0000]
  ICRA FORCE METRICS      : Fz_mean= 9.83N  Fz_peak=26.04N  Fz_violations(>10N)=91 (41.4%)
  obs_dim  = 85
=============================================================================================================================================
[INFO] [1789072817.874163436] [rl_env_node]: 
--- ACTION DIAGNOSTICS ---
Raw delta pos: [ 0.04251671 -0.91386807 -0.9888717 ]
Safe target pos: [0.41715925 0.03682799 0.27897427]
Target orientation (quat): [ 0.95064086 -0.0065551  -0.30996668  0.01263304]
Target tilt angle from normal: 0.00 deg
Stiffness (Kp_pos diag): [190.12703, 239.48766, 299.50064]
Stiffness (Kp_ori): [7.996421, 3.6942277, 4.8950043]
--------------------------
[INFO] [1789072817.924049200] [rl_env_node]: 
--- ACTION DIAGNOSTICS ---
Raw delta pos: [ 0.04706609 -0.9159627  -0.9890779 ]
Safe target pos: [0.41715925 0.03682799 0.27897427]
Target orientation (quat): [ 0.95064086 -0.0065551  -0.30996668  0.01263304]
Target tilt angle from normal: 0.00 deg
Stiffness (Kp_pos diag): [188.80708, 240.34337, 299.50497]
Stiffness (Kp_ori): [7.998558, 3.6936975, 4.8702464]
--------------------------
[INFO] [1789072817.974076006] [rl_env_node]: 
--- ACTION DIAGNOSTICS ---
Raw delta pos: [ 0.0376606 -0.9168163 -0.9889133]
Safe target pos: [0.41715925 0.03682799 0.27897427]
Target orientation (quat): [ 0.95064086 -0.0065551  -0.30996668  0.01263304]
Target tilt angle from normal: 0.00 deg
Stiffness (Kp_pos diag): [189.41997, 240.78966, 299.50705]
Stiffness (Kp_ori): [8.007175, 3.7177038, 4.9149485]
--------------------------
[INFO] [1789072818.024248773] [rl_env_node]: 
--- ACTION DIAGNOSTICS ---
Raw delta pos: [ 0.04427469 -0.91530913 -0.9889193 ]
Safe target pos: [0.41715925 0.03682799 0.27897427]
Target orientation (quat): [ 0.95064086 -0.0065551  -0.30996668  0.01263304]
Target tilt angle from normal: 0.00 deg
Stiffness (Kp_pos diag): [188.83238, 239.8543, 299.49948]
Stiffness (Kp_ori): [8.016449, 3.731088, 4.890421]
--------------------------
[INFO] [1789072818.073976482] [rl_env_node]: 
--- ACTION DIAGNOSTICS ---
Raw delta pos: [ 0.04579556 -0.9149505  -0.98891   ]
Safe target pos: [0.41715925 0.03682799 0.27897427]
Target orientation (quat): [ 0.95064086 -0.0065551  -0.30996668  0.01263304]
Target tilt angle from normal: 0.00 deg
Stiffness (Kp_pos diag): [189.02747, 238.97417, 299.5014]
Stiffness (Kp_ori): [7.991984, 3.71508, 4.892253]
--------------------------
[INFO] [1789072818.124099031] [rl_env_node]: 
--- ACTION DIAGNOSTICS ---
Raw delta pos: [ 0.04362011 -0.9150815  -0.98896116]
Safe target pos: [0.41715925 0.03682799 0.27897427]
Target orientation (quat): [ 0.95064086 -0.0065551  -0.30996668  0.01263304]
Target tilt angle from normal: 0.00 deg
Stiffness (Kp_pos diag): [190.08943, 239.24683, 299.50378]
Stiffness (Kp_ori): [7.996461, 3.7066, 4.899552]
--------------------------
[INFO] [1789072818.174260729] [rl_env_node]: 
--- ACTION DIAGNOSTICS ---
Raw delta pos: [ 0.04316187 -0.91478515 -0.9889968 ]
Safe target pos: [0.41715925 0.03682799 0.27897427]
Target orientation (quat): [ 0.95064086 -0.0065551  -0.30996668  0.01263304]
Target tilt angle from normal: 0.00 deg
Stiffness (Kp_pos diag): [189.94806, 238.83626, 299.5013]
Stiffness (Kp_ori): [7.98557, 3.72195, 4.882802]
--------------------------
[INFO] [1789072818.223969504] [rl_env_node]: 
--- ACTION DIAGNOSTICS ---
Raw delta pos: [ 0.04314911 -0.9153473  -0.9889472 ]
Safe target pos: [0.41715925 0.03682799 0.27897427]
Target orientation (quat): [ 0.95064086 -0.0065551  -0.30996668  0.01263304]
Target tilt angle from normal: 0.00 deg
Stiffness (Kp_pos diag): [189.97368, 239.22145, 299.5038]
Stiffness (Kp_ori): [7.9922323, 3.7042127, 4.8892393]
--------------------------
[INFO] [1789072818.274659305] [rl_env_node]: 
--- ACTION DIAGNOSTICS ---
Raw delta pos: [ 0.04252708 -0.91486967 -0.9889542 ]
Safe target pos: [0.41715925 0.03682799 0.27897427]
Target orientation (quat): [ 0.95064086 -0.0065551  -0.30996668  0.01263304]
Target tilt angle from normal: 0.00 deg
Stiffness (Kp_pos diag): [190.13628, 238.75853, 299.5018]
Stiffness (Kp_ori): [7.9926596, 3.71858, 4.8803]
--------------------------
Traceback (most recent call last):
  File "/home/userlab/cjimenez/riemannian_rl/rl_env_node.py", line 907, in <module>
    main()
  File "/home/userlab/cjimenez/riemannian_rl/rl_env_node.py", line 902, in main
    rclpy.shutdown()
  File "/opt/ros/humble/local/lib/python3.10/dist-packages/rclpy/__init__.py", line 130, in shutdown
    _shutdown(context=context)
  File "/opt/ros/humble/local/lib/python3.10/dist-packages/rclpy/utilities.py", line 58, in shutdown
    return context.shutdown()
  File "/opt/ros/humble/local/lib/python3.10/dist-packages/rclpy/context.py", line 102, in shutdown
    self.__context.shutdown()
rclpy._rclpy_pybind11.RCLError: failed to shutdown: rcl_shutdown already called on the given context, at ./src/rcl/init.c:241
